Abkhazia,<a href="http://en.wikipedia.org/wiki/Abkhazia" title="Abkhazia">Abkhazia</a>,240_705,connected,<img alt="" src="//upload.wikimedia.org/wikipedia/commons/thumb/2/27/Flag_of_Abkhazia.svg/23px-Flag_of_Abkhazia.svg.png" width="23" height="12"   data-file-width="1674" data-file-height="837">
Afghanistan,<a href="http://en.wikipedia.org/wiki/Afghanistan" title="Afghanistan">Afghanistan</a>,27_101_365,1_835_377,<img alt="" src="//upload.wikimedia.org/wikipedia/commons/thumb/9/9a/Flag_of_Afghanistan.svg/23px-Flag_of_Afghanistan.svg.png" width="23" height="15"   data-file-width="600" data-file-height="400">
Albania,<a href="http://en.wikipedia.org/wiki/Albania" title="Albania">Albania</a>,2_893_005,1_809_854,<img alt="" src="//upload.wikimedia.org/wikipedia/commons/thumb/3/36/Flag_of_Albania.svg/21px-Flag_of_Albania.svg.png" width="21" height="15"   data-file-width="700" data-file-height="500">
Algeria,<a href="http://en.wikipedia.org/wiki/Algeria" title="Algeria">Algeria</a>,40_400_000,6_284_489,<img alt="" src="//upload.wikimedia.org/wikipedia/commons/thumb/7/77/Flag_of_Algeria.svg/23px-Flag_of_Algeria.svg.png" width="23" height="15"   data-file-width="900" data-file-height="600">
American American Samoa,<a href="http://en.wikipedia.org/wiki/American_Samoa" title="American Samoa">American Samoa</a>,57_100,connected,<img alt="" src="//upload.wikimedia.org/wikipedia/commons/thumb/8/87/Flag_of_American_Samoa.svg/23px-Flag_of_American_Samoa.svg.png" width="23" height="12"   data-file-width="1000" data-file-height="500">
American Samoa,<a href="http://en.wikipedia.org/wiki/Samoa" title="Samoa">Samoa</a>,187_820,29_908,<img alt="" src="//upload.wikimedia.org/wikipedia/commons/thumb/3/31/Flag_of_Samoa.svg/23px-Flag_of_Samoa.svg.png" width="23" height="12"   data-file-width="2880" data-file-height="1440">
Andorra,<a href="http://en.wikipedia.org/wiki/Andorra" title="Andorra">Andorra</a>,76_949,80_175,<img alt="" src="//upload.wikimedia.org/wikipedia/commons/thumb/1/19/Flag_of_Andorra.svg/22px-Flag_of_Andorra.svg.png" width="22" height="15"   data-file-width="1000" data-file-height="700">
Angola,<a href="http://en.wikipedia.org/wiki/Angola" title="Angola">Angola</a>,24_383_301,3_545_966,<img alt="" src="//upload.wikimedia.org/wikipedia/commons/thumb/9/9d/Flag_of_Angola.svg/23px-Flag_of_Angola.svg.png" width="23" height="15"   data-file-width="450" data-file-height="300">
Anguilla,<a href="http://en.wikipedia.org/wiki/Anguilla" title="Anguilla">Anguilla</a>,13_452,10_209,<img alt="" src="//upload.wikimedia.org/wikipedia/commons/thumb/b/b4/Flag_of_Anguilla.svg/23px-Flag_of_Anguilla.svg.png" width="23" height="12"   data-file-width="1200" data-file-height="600">
Antigua and Barbuda,<a href="http://en.wikipedia.org/wiki/Antigua_and_Barbuda" title="Antigua and Barbuda">Antigua and Barbuda</a>,86_295,57_159,<img alt="" src="//upload.wikimedia.org/wikipedia/commons/thumb/8/89/Flag_of_Antigua_and_Barbuda.svg/23px-Flag_of_Antigua_and_Barbuda.svg.png" width="23" height="15"   data-file-width="690" data-file-height="460">
Argentina,<a href="http://en.wikipedia.org/wiki/Argentina" title="Argentina">Argentina</a>,43_590_400,25_523_978,<img alt="" src="//upload.wikimedia.org/wikipedia/commons/thumb/1/1a/Flag_of_Argentina.svg/23px-Flag_of_Argentina.svg.png" width="23" height="14"   data-file-width="800" data-file-height="500">
Armenia,<a href="http://en.wikipedia.org/wiki/Armenia" title="Armenia">Armenia</a>,2_998_600,1_418_756,<img alt="" src="//upload.wikimedia.org/wikipedia/commons/thumb/2/2f/Flag_of_Armenia.svg/23px-Flag_of_Armenia.svg.png" width="23" height="12"   data-file-width="1200" data-file-height="600">
Aruba,<a href="http://en.wikipedia.org/wiki/Aruba" title="Aruba">Aruba</a>,107_394,86_122,<img alt="" src="//upload.wikimedia.org/wikipedia/commons/thumb/f/f6/Flag_of_Aruba.svg/23px-Flag_of_Aruba.svg.png" width="23" height="15"   data-file-width="900" data-file-height="600">
Australia,<a href="http://en.wikipedia.org/wiki/Australia" title="Australia">Australia</a>,23_988_000,18_477_876,<img alt="" src="//upload.wikimedia.org/wikipedia/en/thumb/b/b9/Flag_of_Australia.svg/23px-Flag_of_Australia.svg.png" width="23" height="12"   data-file-width="1280" data-file-height="640">
Austria,<a href="http://en.wikipedia.org/wiki/Austria" title="Austria">Austria</a>,8_662_588,6_628_192,<img alt="" src="//upload.wikimedia.org/wikipedia/commons/thumb/4/41/Flag_of_Austria.svg/23px-Flag_of_Austria.svg.png" width="23" height="15"   data-file-width="900" data-file-height="600">
Azerbaijan,<a href="http://en.wikipedia.org/wiki/Azerbaijan" title="Azerbaijan">Azerbaijan</a>,9_696_800,5_629_423,<img alt="" src="//upload.wikimedia.org/wikipedia/commons/thumb/d/dd/Flag_of_Azerbaijan.svg/23px-Flag_of_Azerbaijan.svg.png" width="23" height="12"   data-file-width="1200" data-file-height="600">
Bahrain,<a href="http://en.wikipedia.org/wiki/Bahrain" title="Bahrain">Bahrain</a>,1_404_900,1_153_199,<img alt="" src="//upload.wikimedia.org/wikipedia/commons/thumb/2/2c/Flag_of_Bahrain.svg/23px-Flag_of_Bahrain.svg.png" width="23" height="14"   data-file-width="1500" data-file-height="900">
Bangladesh,<a href="http://en.wikipedia.org/wiki/Bangladesh" title="Bangladesh">Bangladesh</a>,159_820_000,50_707_000,<img alt="" src="//upload.wikimedia.org/wikipedia/commons/thumb/f/f9/Flag_of_Bangladesh.svg/23px-Flag_of_Bangladesh.svg.png" width="23" height="14"   data-file-width="500" data-file-height="300">
Barbados,<a href="http://en.wikipedia.org/wiki/Barbados" title="Barbados">Barbados</a>,285_000,216_544,<img alt="" src="//upload.wikimedia.org/wikipedia/commons/thumb/e/ef/Flag_of_Barbados.svg/23px-Flag_of_Barbados.svg.png" width="23" height="15"   data-file-width="1500" data-file-height="1000">
Belarus,<a href="http://en.wikipedia.org/wiki/Belarus" title="Belarus">Belarus</a>,9_494_200,5_214_344,<img alt="" src="//upload.wikimedia.org/wikipedia/commons/thumb/8/85/Flag_of_Belarus.svg/23px-Flag_of_Belarus.svg.png" width="23" height="12"   data-file-width="900" data-file-height="450">
Belgium,<a href="http://en.wikipedia.org/wiki/Belgium" title="Belgium">Belgium</a>,11_302_077,8_582_076,<img alt="" src="//upload.wikimedia.org/wikipedia/commons/thumb/9/92/Flag_of_Belgium_%28civil%29.svg/23px-Flag_of_Belgium_%28civil%29.svg.png" width="23" height="15"   data-file-width="450" data-file-height="300">
Belize,<a href="http://en.wikipedia.org/wiki/Belize" title="Belize">Belize</a>,368_310,105_972,<img alt="" src="//upload.wikimedia.org/wikipedia/commons/thumb/e/e7/Flag_of_Belize.svg/23px-Flag_of_Belize.svg.png" width="23" height="15"   data-file-width="750" data-file-height="500">
Benin,<a href="http://en.wikipedia.org/wiki/Benin" title="Benin">Benin</a>,10_653_654,483_987,<img alt="" src="//upload.wikimedia.org/wikipedia/commons/thumb/0/0a/Flag_of_Benin.svg/23px-Flag_of_Benin.svg.png" width="23" height="15"   data-file-width="450" data-file-height="300">
Bermuda,<a href="http://en.wikipedia.org/wiki/Bermuda" title="Bermuda">Bermuda</a>,61_954,66_202,<img alt="" src="//upload.wikimedia.org/wikipedia/commons/thumb/b/bf/Flag_of_Bermuda.svg/23px-Flag_of_Bermuda.svg.png" width="23" height="12"   data-file-width="1000" data-file-height="500">
Bhutan,<a href="http://en.wikipedia.org/wiki/Bhutan" title="Bhutan">Bhutan</a>,769_970,216_864,<img alt="" src="//upload.wikimedia.org/wikipedia/commons/thumb/9/91/Flag_of_Bhutan.svg/23px-Flag_of_Bhutan.svg.png" width="23" height="15"   data-file-width="900" data-file-height="600">
Bolivia,<a href="http://en.wikipedia.org/wiki/Bolivia" title="Bolivia">Bolivia</a>,10_985_059,4_132_116,<img alt="" src="//upload.wikimedia.org/wikipedia/commons/thumb/4/48/Flag_of_Bolivia.svg/22px-Flag_of_Bolivia.svg.png" width="22" height="15"   data-file-width="1100" data-file-height="750">
Bosnia and Herzegovina,<a href="http://en.wikipedia.org/wiki/Bosnia_and_Herzegovina" title="Bosnia and Herzegovina">Bosnia and Herzegovina</a>,3_791_622,2_631_616,<img alt="" src="//upload.wikimedia.org/wikipedia/commons/thumb/b/bf/Flag_of_Bosnia_and_Herzegovina.svg/23px-Flag_of_Bosnia_and_Herzegovina.svg.png" width="23" height="12"   data-file-width="800" data-file-height="400">
Botswana,<a href="http://en.wikipedia.org/wiki/Botswana" title="Botswana">Botswana</a>,2_141_206,319_174,<img alt="" src="//upload.wikimedia.org/wikipedia/commons/thumb/f/fa/Flag_of_Botswana.svg/23px-Flag_of_Botswana.svg.png" width="23" height="15"   data-file-width="1200" data-file-height="800">
Brazil,<a href="http://en.wikipedia.org/wiki/Brazil" title="Brazil">Brazil</a>,205_578_000,103_720_965,<img alt="" src="//upload.wikimedia.org/wikipedia/en/thumb/0/05/Flag_of_Brazil.svg/22px-Flag_of_Brazil.svg.png" width="22" height="15"   data-file-width="720" data-file-height="504">
British Virgin Islands,<a href="http://en.wikipedia.org/wiki/British_Virgin_Islands" title="British Virgin Islands">British Virgin Islands</a>,28_514,14_456,<img alt="" src="//upload.wikimedia.org/wikipedia/commons/thumb/4/42/Flag_of_the_British_Virgin_Islands.svg/23px-Flag_of_the_British_Virgin_Islands.svg.png" width="23" height="12"   data-file-width="1200" data-file-height="600">
Brunei,<a href="http://en.wikipedia.org/wiki/Brunei" title="Brunei">Brunei</a>,411_900,268_137,<img alt="" src="//upload.wikimedia.org/wikipedia/commons/thumb/9/9c/Flag_of_Brunei.svg/23px-Flag_of_Brunei.svg.png" width="23" height="12"   data-file-width="1440" data-file-height="720">
Bulgaria,<a href="http://en.wikipedia.org/wiki/Bulgaria" title="Bulgaria">Bulgaria</a>,7_202_198,3_704_564,<img alt="" src="//upload.wikimedia.org/wikipedia/commons/thumb/9/9a/Flag_of_Bulgaria.svg/23px-Flag_of_Bulgaria.svg.png" width="23" height="14"   data-file-width="1000" data-file-height="600">
Burkina Faso,<a href="http://en.wikipedia.org/wiki/Burkina_Faso" title="Burkina Faso">Burkina Faso</a>,18_450_494,783_770,<img alt="" src="//upload.wikimedia.org/wikipedia/commons/thumb/3/31/Flag_of_Burkina_Faso.svg/23px-Flag_of_Burkina_Faso.svg.png" width="23" height="15"   data-file-width="900" data-file-height="600">
Burma,<a href="http://en.wikipedia.org/wiki/Myanmar" title="Myanmar">Myanmar</a>,54_363_000,662_008,<img alt="" src="//upload.wikimedia.org/wikipedia/commons/thumb/8/8c/Flag_of_Myanmar.svg/23px-Flag_of_Myanmar.svg.png" width="23" height="15"   data-file-width="1800" data-file-height="1200">
Burundi,<a href="http://en.wikipedia.org/wiki/Burundi" title="Burundi">Burundi</a>,10_114_505,130_789,<img alt="" src="//upload.wikimedia.org/wikipedia/commons/thumb/5/50/Flag_of_Burundi.svg/23px-Flag_of_Burundi.svg.png" width="23" height="14"   data-file-width="500" data-file-height="300">
Cambodia,<a href="http://en.wikipedia.org/wiki/Cambodia" title="Cambodia">Cambodia</a>,15_626_444,912_332,<img alt="" src="//upload.wikimedia.org/wikipedia/commons/thumb/8/83/Flag_of_Cambodia.svg/23px-Flag_of_Cambodia.svg.png" width="23" height="15"   data-file-width="625" data-file-height="400">
Cameroon,<a href="http://en.wikipedia.org/wiki/Cameroon" title="Cameroon">Cameroon</a>,23_924_000,1_442_210,<img alt="" src="//upload.wikimedia.org/wikipedia/commons/thumb/4/4f/Flag_of_Cameroon.svg/23px-Flag_of_Cameroon.svg.png" width="23" height="15"   data-file-width="600" data-file-height="400">
Canada,<a href="http://en.wikipedia.org/wiki/Canada" title="Canada">Canada</a>,35_985_751,29_659_525,<img alt="" src="//upload.wikimedia.org/wikipedia/en/thumb/c/cf/Flag_of_Canada.svg/23px-Flag_of_Canada.svg.png" width="23" height="12"   data-file-width="1000" data-file-height="500">
Cape Verde,<a href="http://en.wikipedia.org/wiki/Cape_Verde" title="Cape Verde">Cape Verde</a>,531_239,199_142,<img alt="" src="//upload.wikimedia.org/wikipedia/commons/thumb/3/38/Flag_of_Cape_Verde.svg/23px-Flag_of_Cape_Verde.svg.png" width="23" height="14"   data-file-width="510" data-file-height="300">
Cayman Islands,<a href="http://en.wikipedia.org/wiki/Cayman_Islands" title="Cayman Islands">Cayman Islands</a>,58_238,39_819,<img alt="" src="//upload.wikimedia.org/wikipedia/commons/thumb/0/0f/Flag_of_the_Cayman_Islands.svg/23px-Flag_of_the_Cayman_Islands.svg.png" width="23" height="12"   data-file-width="1200" data-file-height="600">
Central African Republic,<a href="http://en.wikipedia.org/wiki/Central_African_Republic" title="Central African Republic">Central African Republic</a>,4_998_000,180_828,<img alt="" src="//upload.wikimedia.org/wikipedia/commons/thumb/6/6f/Flag_of_the_Central_African_Republic.svg/23px-Flag_of_the_Central_African_Republic.svg.png" width="23" height="15"   data-file-width="450" data-file-height="300">
Chad,<a href="http://en.wikipedia.org/wiki/Chad" title="Chad">Chad</a>,14_497_000,257_449,<img alt="" src="//upload.wikimedia.org/wikipedia/commons/thumb/4/4b/Flag_of_Chad.svg/23px-Flag_of_Chad.svg.png" width="23" height="15"   data-file-width="450" data-file-height="300">
Chile,<a href="http://en.wikipedia.org/wiki/Chile" title="Chile">Chile</a>,18_191_900,11_449_268,<img alt="" src="//upload.wikimedia.org/wikipedia/commons/thumb/7/78/Flag_of_Chile.svg/23px-Flag_of_Chile.svg.png" width="23" height="15"   data-file-width="1500" data-file-height="1000">
China,<a href="http://en.wikipedia.org/wiki/China" title="China">China</a>,1_374_660_000,668_110_314,<img alt="" src="//upload.wikimedia.org/wikipedia/commons/thumb/f/fa/Flag_of_the_People%27s_Republic_of_China.svg/23px-Flag_of_the_People%27s_Republic_of_China.svg.png" width="23" height="15"   data-file-width="900" data-file-height="600">
Christmas Island,<a href="http://en.wikipedia.org/wiki/Christmas_Island" title="Christmas Island">Christmas Island</a>,2_072,connected,<img alt="" src="//upload.wikimedia.org/wikipedia/commons/thumb/6/67/Flag_of_Christmas_Island.svg/23px-Flag_of_Christmas_Island.svg.png" width="23" height="12"   data-file-width="1000" data-file-height="500">
Cocos (Keeling) Islands,<a href="http://en.wikipedia.org/wiki/Cocos_(Keeling)_Islands" title="Cocos (Keeling) Islands">Cocos (Keeling) Islands</a>,550,connected,<img alt="" src="//upload.wikimedia.org/wikipedia/commons/thumb/7/74/Flag_of_the_Cocos_%28Keeling%29_Islands.svg/23px-Flag_of_the_Cocos_%28Keeling%29_Islands.svg.png" width="23" height="12"   data-file-width="600" data-file-height="300">
Colombia,<a href="http://en.wikipedia.org/wiki/Colombia" title="Colombia">Colombia</a>,48_510_700,23_650_570,<img alt="" src="//upload.wikimedia.org/wikipedia/commons/thumb/2/21/Flag_of_Colombia.svg/23px-Flag_of_Colombia.svg.png" width="23" height="15"   data-file-width="450" data-file-height="300">
Comoros,<a href="http://en.wikipedia.org/wiki/Comoros" title="Comoros">Comoros</a>,806_153,48_899,<img alt="" src="//upload.wikimedia.org/wikipedia/commons/thumb/9/94/Flag_of_the_Comoros.svg/23px-Flag_of_the_Comoros.svg.png" width="23" height="14"   data-file-width="1000" data-file-height="600">
Cook Islands,<a href="http://en.wikipedia.org/wiki/Cook_Islands" title="Cook Islands">Cook Islands</a>,19_100,connected,<img alt="" src="//upload.wikimedia.org/wikipedia/commons/thumb/3/35/Flag_of_the_Cook_Islands.svg/23px-Flag_of_the_Cook_Islands.svg.png" width="23" height="12"   data-file-width="600" data-file-height="300">
Costa Rica,<a href="http://en.wikipedia.org/wiki/Costa_Rica" title="Costa Rica">Costa Rica</a>,4_832_234,2_158_255,<img alt="" src="//upload.wikimedia.org/wikipedia/commons/thumb/f/f2/Flag_of_Costa_Rica.svg/23px-Flag_of_Costa_Rica.svg.png" width="23" height="14"   data-file-width="1000" data-file-height="600">
Croatia,<a href="http://en.wikipedia.org/wiki/Croatia" title="Croatia">Croatia</a>,4_225_316,2_987_663,<img alt="" src="//upload.wikimedia.org/wikipedia/commons/thumb/1/1b/Flag_of_Croatia.svg/23px-Flag_of_Croatia.svg.png" width="23" height="12"   data-file-width="1200" data-file-height="600">
Cuba,<a href="http://en.wikipedia.org/wiki/Cuba" title="Cuba">Cuba</a>,11_238_317,2_843_893,<img alt="" src="//upload.wikimedia.org/wikipedia/commons/thumb/b/bd/Flag_of_Cuba.svg/23px-Flag_of_Cuba.svg.png" width="23" height="12"   data-file-width="800" data-file-height="400">
Curaçao,<a href="http://en.wikipedia.org/wiki/Cura%C3%A7ao" title="Curaçao">Curaçao</a>,154_843,connected,<img alt="" src="//upload.wikimedia.org/wikipedia/commons/thumb/b/b1/Flag_of_Cura%C3%A7ao.svg/23px-Flag_of_Cura%C3%A7ao.svg.png" width="23" height="15"   data-file-width="900" data-file-height="600">
Cyprus,<a href="http://en.wikipedia.org/wiki/Cyprus" title="Cyprus">Cyprus</a>,847_000,756_267,<img alt="" src="//upload.wikimedia.org/wikipedia/commons/thumb/d/d4/Flag_of_Cyprus.svg/23px-Flag_of_Cyprus.svg.png" width="23" height="15"   data-file-width="900" data-file-height="600">
Czech Republic,<a href="http://en.wikipedia.org/wiki/Czech_Republic" title="Czech Republic">Czech Republic</a>,10_541_466,7_862_937,<img alt="" src="//upload.wikimedia.org/wikipedia/commons/thumb/c/cb/Flag_of_the_Czech_Republic.svg/23px-Flag_of_the_Czech_Republic.svg.png" width="23" height="15"   data-file-width="900" data-file-height="600">
Democratic Republic of the Congo,<a href="http://en.wikipedia.org/wiki/Democratic_Republic_of_the_Congo" title="Democratic Republic of the Congo">Democratic Republic of the Congo</a>,85_026_000,1_661_161,<img alt="" src="//upload.wikimedia.org/wikipedia/commons/thumb/6/6f/Flag_of_the_Democratic_Republic_of_the_Congo.svg/20px-Flag_of_the_Democratic_Republic_of_the_Congo.svg.png" width="20" height="15"   data-file-width="800" data-file-height="600">
Denmark,<a href="http://en.wikipedia.org/wiki/Denmark" title="Denmark">Denmark</a>,5_699_220,5_258_054,<img alt="" src="//upload.wikimedia.org/wikipedia/commons/thumb/9/9c/Flag_of_Denmark.svg/20px-Flag_of_Denmark.svg.png" width="20" height="15"   data-file-width="370" data-file-height="280">
Djibouti,<a href="http://en.wikipedia.org/wiki/Djibouti" title="Djibouti">Djibouti</a>,900_000,75_259,<img alt="" src="//upload.wikimedia.org/wikipedia/commons/thumb/3/34/Flag_of_Djibouti.svg/23px-Flag_of_Djibouti.svg.png" width="23" height="15"   data-file-width="600" data-file-height="400">
Dominica,<a href="http://en.wikipedia.org/wiki/Dominica" title="Dominica">Dominica</a>,71_293,43_239,<img alt="" src="//upload.wikimedia.org/wikipedia/commons/thumb/c/c4/Flag_of_Dominica.svg/23px-Flag_of_Dominica.svg.png" width="23" height="12"   data-file-width="1200" data-file-height="600">
Dominican Republic,<a href="http://en.wikipedia.org/wiki/Dominican_Republic" title="Dominican Republic">Dominican Republic</a>,10_075_045,4_690_810,<img alt="" src="//upload.wikimedia.org/wikipedia/commons/thumb/9/9f/Flag_of_the_Dominican_Republic.svg/23px-Flag_of_the_Dominican_Republic.svg.png" width="23" height="15"   data-file-width="750" data-file-height="500">
East Timor,<a href="http://en.wikipedia.org/wiki/East_Timor" title="East Timor">East Timor</a>,1_167_242,12_896,<img alt="" src="//upload.wikimedia.org/wikipedia/commons/thumb/2/26/Flag_of_East_Timor.svg/23px-Flag_of_East_Timor.svg.png" width="23" height="12"   data-file-width="900" data-file-height="450">
Ecuador,<a href="http://en.wikipedia.org/wiki/Ecuador" title="Ecuador">Ecuador</a>,16_278_844,6_230_378,<img alt="" src="//upload.wikimedia.org/wikipedia/commons/thumb/e/e8/Flag_of_Ecuador.svg/23px-Flag_of_Ecuador.svg.png" width="23" height="15"   data-file-width="1440" data-file-height="960">
Egypt,<a href="http://en.wikipedia.org/wiki/Egypt" title="Egypt">Egypt</a>,90_339_900,42_271_899,<img alt="" src="//upload.wikimedia.org/wikipedia/commons/thumb/f/fe/Flag_of_Egypt.svg/23px-Flag_of_Egypt.svg.png" width="23" height="15"   data-file-width="900" data-file-height="600">
El Salvador,<a href="http://en.wikipedia.org/wiki/El_Salvador" title="El Salvador">El Salvador</a>,6_520_675,1_411_652,<img alt="" src="//upload.wikimedia.org/wikipedia/commons/thumb/3/34/Flag_of_El_Salvador.svg/23px-Flag_of_El_Salvador.svg.png" width="23" height="13"   data-file-width="1064" data-file-height="600">
Equatorial Guinea,<a href="http://en.wikipedia.org/wiki/Equatorial_Guinea" title="Equatorial Guinea">Equatorial Guinea</a>,1_222_442,115_456,<img alt="" src="//upload.wikimedia.org/wikipedia/commons/thumb/3/31/Flag_of_Equatorial_Guinea.svg/23px-Flag_of_Equatorial_Guinea.svg.png" width="23" height="15"   data-file-width="1200" data-file-height="800">
Eritrea,<a href="http://en.wikipedia.org/wiki/Eritrea" title="Eritrea">Eritrea</a>,5_352_000,56_103,<img alt="" src="//upload.wikimedia.org/wikipedia/commons/thumb/2/29/Flag_of_Eritrea.svg/23px-Flag_of_Eritrea.svg.png" width="23" height="12"   data-file-width="1000" data-file-height="500">
Estonia,<a href="http://en.wikipedia.org/wiki/Estonia" title="Estonia">Estonia</a>,1_311_759,1_013_154,<img alt="" src="//upload.wikimedia.org/wikipedia/commons/thumb/8/8f/Flag_of_Estonia.svg/23px-Flag_of_Estonia.svg.png" width="23" height="15"   data-file-width="990" data-file-height="630">
Ethiopia,<a href="http://en.wikipedia.org/wiki/Ethiopia" title="Ethiopia">Ethiopia</a>,92_206_000,1_783_663,<img alt="" src="//upload.wikimedia.org/wikipedia/commons/thumb/7/71/Flag_of_Ethiopia.svg/23px-Flag_of_Ethiopia.svg.png" width="23" height="12"   data-file-width="720" data-file-height="360">
Falkland Islands,<a href="http://en.wikipedia.org/wiki/Falkland_Islands" title="Falkland Islands">Falkland Islands</a>,2_563,2_842,<img alt="" src="//upload.wikimedia.org/wikipedia/commons/thumb/8/83/Flag_of_the_Falkland_Islands.svg/23px-Flag_of_the_Falkland_Islands.svg.png" width="23" height="12"   data-file-width="1200" data-file-height="600">
Faroe Islands,<a href="http://en.wikipedia.org/wiki/Faroe_Islands" title="Faroe Islands">Faroe Islands</a>,49_138,44_738,<img alt="" src="//upload.wikimedia.org/wikipedia/commons/thumb/3/3c/Flag_of_the_Faroe_Islands.svg/21px-Flag_of_the_Faroe_Islands.svg.png" width="21" height="15"   data-file-width="1100" data-file-height="800">
Federated States of Micronesia,<a href="http://en.wikipedia.org/wiki/Federated_States_of_Micronesia" title="Federated States of Micronesia">Federated States of Micronesia</a>,102_800,29_497,<img alt="" src="//upload.wikimedia.org/wikipedia/commons/thumb/e/e4/Flag_of_the_Federated_States_of_Micronesia.svg/23px-Flag_of_the_Federated_States_of_Micronesia.svg.png" width="23" height="12"   data-file-width="760" data-file-height="400">
Fiji,<a href="http://en.wikipedia.org/wiki/Fiji" title="Fiji">Fiji</a>,867_000,332_697,<img alt="" src="//upload.wikimedia.org/wikipedia/commons/thumb/b/ba/Flag_of_Fiji.svg/23px-Flag_of_Fiji.svg.png" width="23" height="12"   data-file-width="1200" data-file-height="600">
Finland,<a href="http://en.wikipedia.org/wiki/Finland" title="Finland">Finland</a>,5_498_487,4_819_253,<img alt="" src="//upload.wikimedia.org/wikipedia/commons/thumb/b/bc/Flag_of_Finland.svg/23px-Flag_of_Finland.svg.png" width="23" height="14"   data-file-width="1800" data-file-height="1100">
France,<a href="http://en.wikipedia.org/wiki/France" title="France">France</a>,64_513_242,54_027_428,<img alt="" src="//upload.wikimedia.org/wikipedia/en/thumb/c/c3/Flag_of_France.svg/23px-Flag_of_France.svg.png" width="23" height="15"   data-file-width="900" data-file-height="600">
French Guiana,<a href="http://en.wikipedia.org/wiki/French_Guiana" title="French Guiana">French Guiana</a>,239_648,connected,<img alt="" src="//upload.wikimedia.org/wikipedia/commons/thumb/2/29/Flag_of_French_Guiana.svg/23px-Flag_of_French_Guiana.svg.png" width="23" height="15"   data-file-width="900" data-file-height="600">
French Polynesia,<a href="http://en.wikipedia.org/wiki/French_Polynesia" title="French Polynesia">French Polynesia</a>,268_270,157_502,<img alt="" src="//upload.wikimedia.org/wikipedia/commons/thumb/d/db/Flag_of_French_Polynesia.svg/23px-Flag_of_French_Polynesia.svg.png" width="23" height="15"   data-file-width="600" data-file-height="400">
French Southern and Antarctic Lands,<a href="http://en.wikipedia.org/wiki/French_Southern_and_Antarctic_Lands" title="French Southern and Antarctic Lands">French Southern and Antarctic Lands</a>,140,connected,<img alt="" src="//upload.wikimedia.org/wikipedia/commons/thumb/a/a7/Flag_of_the_French_Southern_and_Antarctic_Lands.svg/23px-Flag_of_the_French_Southern_and_Antarctic_Lands.svg.png" width="23" height="15"   data-file-width="600" data-file-height="400">
Gabon,<a href="http://en.wikipedia.org/wiki/Gabon" title="Gabon">Gabon</a>,1_802_278,150_906,<img alt="" src="//upload.wikimedia.org/wikipedia/commons/thumb/0/04/Flag_of_Gabon.svg/20px-Flag_of_Gabon.svg.png" width="20" height="15"   data-file-width="400" data-file-height="300">
Georgia,<a href="http://en.wikipedia.org/wiki/Georgia_(country)" title="Georgia (country)">Georgia</a>,3_729_500,2_130_070,<img alt="" src="//upload.wikimedia.org/wikipedia/commons/thumb/0/0f/Flag_of_Georgia.svg/23px-Flag_of_Georgia.svg.png" width="23" height="15"   data-file-width="900" data-file-height="600">
Germany,<a href="http://en.wikipedia.org/wiki/Germany" title="Germany">Germany</a>,81_459_000,68_131_244,<img alt="" src="//upload.wikimedia.org/wikipedia/en/thumb/b/ba/Flag_of_Germany.svg/23px-Flag_of_Germany.svg.png" width="23" height="14"   data-file-width="1000" data-file-height="600">
Ghana,<a href="http://en.wikipedia.org/wiki/Ghana" title="Ghana">Ghana</a>,27_670_174,3_099_552,<img alt="" src="//upload.wikimedia.org/wikipedia/commons/thumb/1/19/Flag_of_Ghana.svg/23px-Flag_of_Ghana.svg.png" width="23" height="15"   data-file-width="450" data-file-height="300">
Gibraltar,<a href="http://en.wikipedia.org/wiki/Gibraltar" title="Gibraltar">Gibraltar</a>,33_140,18_878,<img alt="" src="//upload.wikimedia.org/wikipedia/commons/thumb/0/02/Flag_of_Gibraltar.svg/23px-Flag_of_Gibraltar.svg.png" width="23" height="12"   data-file-width="1000" data-file-height="500">
Greece,<a href="http://en.wikipedia.org/wiki/Greece" title="Greece">Greece</a>,10_846_979,6_449_377,<img alt="" src="//upload.wikimedia.org/wikipedia/commons/thumb/5/5c/Flag_of_Greece.svg/23px-Flag_of_Greece.svg.png" width="23" height="15"   data-file-width="600" data-file-height="400">
Greenland,<a href="http://en.wikipedia.org/wiki/Greenland" title="Greenland">Greenland</a>,56_114,37_976,<img alt="" src="//upload.wikimedia.org/wikipedia/commons/thumb/0/09/Flag_of_Greenland.svg/23px-Flag_of_Greenland.svg.png" width="23" height="15"   data-file-width="900" data-file-height="600">
Grenada,<a href="http://en.wikipedia.org/wiki/Grenada" title="Grenada">Grenada</a>,103_328,38_357,<img alt="" src="//upload.wikimedia.org/wikipedia/commons/thumb/b/bc/Flag_of_Grenada.svg/23px-Flag_of_Grenada.svg.png" width="23" height="14"   data-file-width="600" data-file-height="360">
Guadeloupe,<a href="http://en.wikipedia.org/wiki/Guadeloupe" title="Guadeloupe">Guadeloupe</a>,403_750,connected,<img alt="" src="//upload.wikimedia.org/wikipedia/commons/thumb/0/04/Flag_of_Guadeloupe_%28local%29.svg/23px-Flag_of_Guadeloupe_%28local%29.svg.png" width="23" height="15"   data-file-width="450" data-file-height="300">
Guam,<a href="http://en.wikipedia.org/wiki/Guam" title="Guam">Guam</a>,184_200,104_887,<img alt="" src="//upload.wikimedia.org/wikipedia/commons/thumb/0/07/Flag_of_Guam.svg/23px-Flag_of_Guam.svg.png" width="23" height="12"   data-file-width="820" data-file-height="440">
Guatemala,<a href="http://en.wikipedia.org/wiki/Guatemala" title="Guatemala">Guatemala</a>,16_176_133,2_831_574,<img alt="" src="//upload.wikimedia.org/wikipedia/commons/thumb/e/ec/Flag_of_Guatemala.svg/23px-Flag_of_Guatemala.svg.png" width="23" height="14"   data-file-width="960" data-file-height="600">
Guernsey,<a href="http://en.wikipedia.org/wiki/Guernsey" title="Guernsey">Guernsey</a>,65_150,connected,<img alt="" src="//upload.wikimedia.org/wikipedia/commons/thumb/f/fa/Flag_of_Guernsey.svg/23px-Flag_of_Guernsey.svg.png" width="23" height="15"   data-file-width="900" data-file-height="600">
Guinea,<a href="http://en.wikipedia.org/wiki/Guinea" title="Guinea">Guinea</a>,12_947_000,178_816,<img alt="" src="//upload.wikimedia.org/wikipedia/commons/thumb/e/ed/Flag_of_Guinea.svg/23px-Flag_of_Guinea.svg.png" width="23" height="15"   data-file-width="450" data-file-height="300">
Guinea-Bissau,<a href="http://en.wikipedia.org/wiki/Guinea-Bissau" title="Guinea-Bissau">Guinea-Bissau</a>,1_547_777,51_487,<img alt="" src="//upload.wikimedia.org/wikipedia/commons/thumb/0/01/Flag_of_Guinea-Bissau.svg/23px-Flag_of_Guinea-Bissau.svg.png" width="23" height="12"   data-file-width="1200" data-file-height="600">
Guyana,<a href="http://en.wikipedia.org/wiki/Guyana" title="Guyana">Guyana</a>,746_900,243_146,<img alt="" src="//upload.wikimedia.org/wikipedia/commons/thumb/9/99/Flag_of_Guyana.svg/23px-Flag_of_Guyana.svg.png" width="23" height="14"   data-file-width="500" data-file-height="300">
Haiti,<a href="http://en.wikipedia.org/wiki/Haiti" title="Haiti">Haiti</a>,11_078_033,1_048_757,<img alt="" src="//upload.wikimedia.org/wikipedia/commons/thumb/5/56/Flag_of_Haiti.svg/23px-Flag_of_Haiti.svg.png" width="23" height="14"   data-file-width="500" data-file-height="300">
Honduras,<a href="http://en.wikipedia.org/wiki/Honduras" title="Honduras">Honduras</a>,8_576_532,1_503_827,<img alt="" src="//upload.wikimedia.org/wikipedia/commons/thumb/8/82/Flag_of_Honduras.svg/23px-Flag_of_Honduras.svg.png" width="23" height="12"   data-file-width="1000" data-file-height="500">
Hong Kong,<a href="http://en.wikipedia.org/wiki/Hong_Kong" title="Hong Kong">Hong Kong</a>,7_298_600,5_255_078,<img alt="" src="//upload.wikimedia.org/wikipedia/commons/thumb/5/5b/Flag_of_Hong_Kong.svg/23px-Flag_of_Hong_Kong.svg.png" width="23" height="15"   data-file-width="900" data-file-height="600">
Hungary,<a href="http://en.wikipedia.org/wiki/Hungary" title="Hungary">Hungary</a>,9_849_000,7_220_419,<img alt="" src="//upload.wikimedia.org/wikipedia/commons/thumb/c/c1/Flag_of_Hungary.svg/23px-Flag_of_Hungary.svg.png" width="23" height="12"   data-file-width="1200" data-file-height="600">
Iceland,<a href="http://en.wikipedia.org/wiki/Iceland" title="Iceland">Iceland</a>,332_750,304_394,<img alt="" src="//upload.wikimedia.org/wikipedia/commons/thumb/c/ce/Flag_of_Iceland.svg/21px-Flag_of_Iceland.svg.png" width="21" height="15"   data-file-width="2500" data-file-height="1800">
India,<a href="http://en.wikipedia.org/wiki/India" title="India">India</a>,1_283_950_000,402_000_000,<img alt="" src="//upload.wikimedia.org/wikipedia/en/thumb/4/41/Flag_of_India.svg/23px-Flag_of_India.svg.png" width="23" height="15"   data-file-width="1350" data-file-height="900">
Indonesia,<a href="http://en.wikipedia.org/wiki/Indonesia" title="Indonesia">Indonesia</a>,258_705_000,78_000_000,<img alt="" src="//upload.wikimedia.org/wikipedia/commons/thumb/9/9f/Flag_of_Indonesia.svg/23px-Flag_of_Indonesia.svg.png" width="23" height="15"   data-file-width="450" data-file-height="300">
Iran,<a href="http://en.wikipedia.org/wiki/Iran" title="Iran">Iran</a>,78_984_700,25_074_125,<img alt="" src="//upload.wikimedia.org/wikipedia/commons/thumb/c/ca/Flag_of_Iran.svg/23px-Flag_of_Iran.svg.png" width="23" height="13"   data-file-width="630" data-file-height="360">
Iraq,<a href="http://en.wikipedia.org/wiki/Iraq" title="Iraq">Iraq</a>,36_575_000,2_930_980,<img alt="" src="//upload.wikimedia.org/wikipedia/commons/thumb/f/f6/Flag_of_Iraq.svg/23px-Flag_of_Iraq.svg.png" width="23" height="15"   data-file-width="411" data-file-height="274">
Ireland,<a href="http://en.wikipedia.org/wiki/Republic_of_Ireland" title="Republic of Ireland">Ireland</a>,4_635_400,3_737_096,<img alt="" src="//upload.wikimedia.org/wikipedia/commons/thumb/4/45/Flag_of_Ireland.svg/23px-Flag_of_Ireland.svg.png" width="23" height="12"   data-file-width="600" data-file-height="300">
Isle of Man,<a href="http://en.wikipedia.org/wiki/Isle_of_Man" title="Isle of Man">Isle of Man</a>,84_497,connected,<img alt="" src="//upload.wikimedia.org/wikipedia/commons/thumb/b/bc/Flag_of_the_Isle_of_Man.svg/23px-Flag_of_the_Isle_of_Man.svg.png" width="23" height="12"   data-file-width="600" data-file-height="300">
Israel,<a href="http://en.wikipedia.org/wiki/Israel" title="Israel">Israel</a>,8_463_500,5_456_586,<img alt="" src="//upload.wikimedia.org/wikipedia/commons/thumb/d/d4/Flag_of_Israel.svg/21px-Flag_of_Israel.svg.png" width="21" height="15"   data-file-width="660" data-file-height="480">
Italy,<a href="http://en.wikipedia.org/wiki/Italy" title="Italy">Italy</a>,60_679_836,35_942_120,<img alt="" src="//upload.wikimedia.org/wikipedia/en/thumb/0/03/Flag_of_Italy.svg/23px-Flag_of_Italy.svg.png" width="23" height="15"   data-file-width="1500" data-file-height="1000">
Ivory Coast,<a href="http://en.wikipedia.org/wiki/Ivory_Coast" title="Ivory Coast">Ivory Coast</a>,22_671_331,582_422,<img alt="" src="//upload.wikimedia.org/wikipedia/commons/thumb/f/fe/Flag_of_C%C3%B4te_d%27Ivoire.svg/23px-Flag_of_C%C3%B4te_d%27Ivoire.svg.png" width="23" height="15"   data-file-width="450" data-file-height="300">
Jamaica,<a href="http://en.wikipedia.org/wiki/Jamaica" title="Jamaica">Jamaica</a>,2_723_246,1_099_872,<img alt="" src="//upload.wikimedia.org/wikipedia/commons/thumb/0/0a/Flag_of_Jamaica.svg/23px-Flag_of_Jamaica.svg.png" width="23" height="12"   data-file-width="600" data-file-height="300">
Japan,<a href="http://en.wikipedia.org/wiki/Japan" title="Japan">Japan</a>,126_820_000,109_755_777,<img alt="" src="//upload.wikimedia.org/wikipedia/en/thumb/9/9e/Flag_of_Japan.svg/23px-Flag_of_Japan.svg.png" width="23" height="15"   data-file-width="900" data-file-height="600">
Jersey,<a href="http://en.wikipedia.org/wiki/Jersey" title="Jersey">Jersey</a>,100_800,38_958,<img alt="" src="//upload.wikimedia.org/wikipedia/commons/thumb/1/1c/Flag_of_Jersey.svg/23px-Flag_of_Jersey.svg.png" width="23" height="14"   data-file-width="1000" data-file-height="600">
Jordan,<a href="http://en.wikipedia.org/wiki/Jordan" title="Jordan">Jordan</a>,9_531_712,2_865_080,<img alt="" src="//upload.wikimedia.org/wikipedia/commons/thumb/c/c0/Flag_of_Jordan.svg/23px-Flag_of_Jordan.svg.png" width="23" height="12"   data-file-width="840" data-file-height="420">
Kazakhstan,<a href="http://en.wikipedia.org/wiki/Kazakhstan" title="Kazakhstan">Kazakhstan</a>,17_651_400,9_577_924,<img alt="" src="//upload.wikimedia.org/wikipedia/commons/thumb/d/d3/Flag_of_Kazakhstan.svg/23px-Flag_of_Kazakhstan.svg.png" width="23" height="12"   data-file-width="600" data-file-height="300">
Kenya,<a href="http://en.wikipedia.org/wiki/Kenya" title="Kenya">Kenya</a>,47_251_000,17_174_686,<img alt="" src="//upload.wikimedia.org/wikipedia/commons/thumb/4/49/Flag_of_Kenya.svg/23px-Flag_of_Kenya.svg.png" width="23" height="15"   data-file-width="900" data-file-height="600">
Kiribati,<a href="http://en.wikipedia.org/wiki/Kiribati" title="Kiribati">Kiribati</a>,113_400,11_874,<img alt="" src="//upload.wikimedia.org/wikipedia/commons/thumb/d/d3/Flag_of_Kiribati.svg/23px-Flag_of_Kiribati.svg.png" width="23" height="12"   data-file-width="600" data-file-height="300">
Kosovo,<a href="http://en.wikipedia.org/wiki/Kosovo" title="Kosovo">Kosovo</a>,1_836_978,connected,<img alt="" src="//upload.wikimedia.org/wikipedia/commons/thumb/1/1f/Flag_of_Kosovo.svg/21px-Flag_of_Kosovo.svg.png" width="21" height="15"   data-file-width="840" data-file-height="600">
Kuwait,<a href="http://en.wikipedia.org/wiki/Kuwait" title="Kuwait">Kuwait</a>,4_183_658,2_033_885,<img alt="" src="//upload.wikimedia.org/wikipedia/commons/thumb/a/aa/Flag_of_Kuwait.svg/23px-Flag_of_Kuwait.svg.png" width="23" height="12"   data-file-width="1200" data-file-height="600">
Kyrgyzstan,<a href="http://en.wikipedia.org/wiki/Kyrgyzstan" title="Kyrgyzstan">Kyrgyzstan</a>,6_008_600,1_298_242,<img alt="" src="//upload.wikimedia.org/wikipedia/commons/thumb/c/c7/Flag_of_Kyrgyzstan.svg/23px-Flag_of_Kyrgyzstan.svg.png" width="23" height="14"   data-file-width="750" data-file-height="450">
Laos,<a href="http://en.wikipedia.org/wiki/Laos" title="Laos">Laos</a>,6_472_400,836_896,<img alt="" src="//upload.wikimedia.org/wikipedia/commons/thumb/5/56/Flag_of_Laos.svg/23px-Flag_of_Laos.svg.png" width="23" height="15"   data-file-width="600" data-file-height="400">
Latvia,<a href="http://en.wikipedia.org/wiki/Latvia" title="Latvia">Latvia</a>,1_971_300,1_638_939,<img alt="" src="//upload.wikimedia.org/wikipedia/commons/thumb/8/84/Flag_of_Latvia.svg/23px-Flag_of_Latvia.svg.png" width="23" height="12"   data-file-width="1200" data-file-height="600">
Lebanon,<a href="http://en.wikipedia.org/wiki/Lebanon" title="Lebanon">Lebanon</a>,4_168_000,2_912_766,<img alt="" src="//upload.wikimedia.org/wikipedia/commons/thumb/5/59/Flag_of_Lebanon.svg/23px-Flag_of_Lebanon.svg.png" width="23" height="15"   data-file-width="750" data-file-height="500">
Lesotho,<a href="http://en.wikipedia.org/wiki/Lesotho" title="Lesotho">Lesotho</a>,1_894_194,96_809,<img alt="" src="//upload.wikimedia.org/wikipedia/commons/thumb/4/4a/Flag_of_Lesotho.svg/23px-Flag_of_Lesotho.svg.png" width="23" height="15"   data-file-width="900" data-file-height="600">
Liberia,<a href="http://en.wikipedia.org/wiki/Liberia" title="Liberia">Liberia</a>,4_615_000,183_526,<img alt="" src="//upload.wikimedia.org/wikipedia/commons/thumb/b/b8/Flag_of_Liberia.svg/23px-Flag_of_Liberia.svg.png" width="23" height="12"   data-file-width="1140" data-file-height="600">
Libya,<a href="http://en.wikipedia.org/wiki/Libya" title="Libya">Libya</a>,6_330_000,990_387,<img alt="" src="//upload.wikimedia.org/wikipedia/commons/thumb/0/05/Flag_of_Libya.svg/23px-Flag_of_Libya.svg.png" width="23" height="12"   data-file-width="960" data-file-height="480">
Liechtenstein,<a href="http://en.wikipedia.org/wiki/Liechtenstein" title="Liechtenstein">Liechtenstein</a>,37_370,34_714,<img alt="" src="//upload.wikimedia.org/wikipedia/commons/thumb/4/47/Flag_of_Liechtenstein.svg/23px-Flag_of_Liechtenstein.svg.png" width="23" height="14"   data-file-width="1000" data-file-height="600">
Lithuania,<a href="http://en.wikipedia.org/wiki/Lithuania" title="Lithuania">Lithuania</a>,2_888_582,2_406_707,<img alt="" src="//upload.wikimedia.org/wikipedia/commons/thumb/1/11/Flag_of_Lithuania.svg/23px-Flag_of_Lithuania.svg.png" width="23" height="14"   data-file-width="500" data-file-height="300">
Luxembourg,<a href="http://en.wikipedia.org/wiki/Luxembourg" title="Luxembourg">Luxembourg</a>,562_958,482_820,<img alt="" src="//upload.wikimedia.org/wikipedia/commons/thumb/d/da/Flag_of_Luxembourg.svg/23px-Flag_of_Luxembourg.svg.png" width="23" height="14"   data-file-width="1000" data-file-height="600">
Macau,<a href="http://en.wikipedia.org/wiki/Macau" title="Macau">Macau</a>,643_100,383_616,<img alt="" src="//upload.wikimedia.org/wikipedia/commons/thumb/6/63/Flag_of_Macau.svg/23px-Flag_of_Macau.svg.png" width="23" height="15"   data-file-width="450" data-file-height="300">
Macedonia,<a href="http://en.wikipedia.org/wiki/Republic_of_Macedonia" title="Republic of Macedonia">Macedonia</a>,2_069_172,1_277_349,<img alt="" src="//upload.wikimedia.org/wikipedia/commons/thumb/f/f8/Flag_of_Macedonia.svg/23px-Flag_of_Macedonia.svg.png" width="23" height="12"   data-file-width="1400" data-file-height="700">
Madagascar,<a href="http://en.wikipedia.org/wiki/Madagascar" title="Madagascar">Madagascar</a>,22_434_363,497_180,<img alt="" src="//upload.wikimedia.org/wikipedia/commons/thumb/b/bc/Flag_of_Madagascar.svg/23px-Flag_of_Madagascar.svg.png" width="23" height="15"   data-file-width="900" data-file-height="600">
Malawi,<a href="http://en.wikipedia.org/wiki/Malawi" title="Malawi">Malawi</a>,16_832_910,905_988,<img alt="" src="//upload.wikimedia.org/wikipedia/commons/thumb/d/d1/Flag_of_Malawi.svg/23px-Flag_of_Malawi.svg.png" width="23" height="15"   data-file-width="900" data-file-height="600">
Malaysia,<a href="http://en.wikipedia.org/wiki/Malaysia" title="Malaysia">Malaysia</a>,30_847_600,19_842_134,<img alt="" src="//upload.wikimedia.org/wikipedia/commons/thumb/6/66/Flag_of_Malaysia.svg/23px-Flag_of_Malaysia.svg.png" width="23" height="12"   data-file-width="2800" data-file-height="1400">
Maldives,<a href="http://en.wikipedia.org/wiki/Maldives" title="Maldives">Maldives</a>,341_256,173_749,<img alt="" src="//upload.wikimedia.org/wikipedia/commons/thumb/0/0f/Flag_of_Maldives.svg/23px-Flag_of_Maldives.svg.png" width="23" height="15"   data-file-width="720" data-file-height="480">
Mali,<a href="http://en.wikipedia.org/wiki/Mali" title="Mali">Mali</a>,18_135_000,336_059,<img alt="" src="//upload.wikimedia.org/wikipedia/commons/thumb/9/92/Flag_of_Mali.svg/23px-Flag_of_Mali.svg.png" width="23" height="15"   data-file-width="450" data-file-height="300">
Malta,<a href="http://en.wikipedia.org/wiki/Malta" title="Malta">Malta</a>,445_426,283_427,<img alt="" src="//upload.wikimedia.org/wikipedia/commons/thumb/7/73/Flag_of_Malta.svg/23px-Flag_of_Malta.svg.png" width="23" height="15"   data-file-width="900" data-file-height="600">
Marshall Islands,<a href="http://en.wikipedia.org/wiki/Marshall_Islands" title="Marshall Islands">Marshall Islands</a>,54_880,8_160,<img alt="" src="//upload.wikimedia.org/wikipedia/commons/thumb/2/2e/Flag_of_the_Marshall_Islands.svg/23px-Flag_of_the_Marshall_Islands.svg.png" width="23" height="12"   data-file-width="570" data-file-height="300">
Martinique,<a href="http://en.wikipedia.org/wiki/Martinique" title="Martinique">Martinique</a>,381_326,connected,<img alt="" src="//upload.wikimedia.org/wikipedia/commons/thumb/5/52/Flag_of_Martinique.svg/23px-Flag_of_Martinique.svg.png" width="23" height="15"   data-file-width="750" data-file-height="500">
Mauritania,<a href="http://en.wikipedia.org/wiki/Mauritania" title="Mauritania">Mauritania</a>,3_718_678,213_132,<img alt="" src="//upload.wikimedia.org/wikipedia/commons/thumb/4/43/Flag_of_Mauritania.svg/23px-Flag_of_Mauritania.svg.png" width="23" height="15"   data-file-width="900" data-file-height="600">
Mauritius,<a href="http://en.wikipedia.org/wiki/Mauritius" title="Mauritius">Mauritius</a>,1_262_879,515_673,<img alt="" src="//upload.wikimedia.org/wikipedia/commons/thumb/7/77/Flag_of_Mauritius.svg/23px-Flag_of_Mauritius.svg.png" width="23" height="15"   data-file-width="450" data-file-height="300">
Mayotte,<a href="http://en.wikipedia.org/wiki/Mayotte" title="Mayotte">Mayotte</a>,212_645,connected,<img alt="" src="//upload.wikimedia.org/wikipedia/commons/thumb/4/4a/Flag_of_Mayotte_%28local%29.svg/23px-Flag_of_Mayotte_%28local%29.svg.png" width="23" height="15"   data-file-width="750" data-file-height="500">
Mexico,<a href="http://en.wikipedia.org/wiki/Mexico" title="Mexico">Mexico</a>,122_273_500,51_638_402,<img alt="" src="//upload.wikimedia.org/wikipedia/commons/thumb/f/fc/Flag_of_Mexico.svg/23px-Flag_of_Mexico.svg.png" width="23" height="13"   data-file-width="840" data-file-height="480">
Moldova,<a href="http://en.wikipedia.org/wiki/Moldova" title="Moldova">Moldova</a>,3_555_200,1_766_523,<img alt="" src="//upload.wikimedia.org/wikipedia/commons/thumb/2/27/Flag_of_Moldova.svg/23px-Flag_of_Moldova.svg.png" width="23" height="12"   data-file-width="1800" data-file-height="900">
Monaco,<a href="http://en.wikipedia.org/wiki/Monaco" title="Monaco">Monaco</a>,37_800,27_664,<img alt="" src="//upload.wikimedia.org/wikipedia/commons/thumb/e/ea/Flag_of_Monaco.svg/19px-Flag_of_Monaco.svg.png" width="19" height="15"   data-file-width="750" data-file-height="600">
Mongolia,<a href="http://en.wikipedia.org/wiki/Mongolia" title="Mongolia">Mongolia</a>,3_065_625,521_520,<img alt="" src="//upload.wikimedia.org/wikipedia/commons/thumb/4/4c/Flag_of_Mongolia.svg/23px-Flag_of_Mongolia.svg.png" width="23" height="12"   data-file-width="4800" data-file-height="2400">
Montenegro,<a href="http://en.wikipedia.org/wiki/Montenegro" title="Montenegro">Montenegro</a>,621_810,371_173,<img alt="" src="//upload.wikimedia.org/wikipedia/commons/thumb/6/64/Flag_of_Montenegro.svg/23px-Flag_of_Montenegro.svg.png" width="23" height="12"   data-file-width="640" data-file-height="320">
Montserrat,<a href="http://en.wikipedia.org/wiki/Montserrat" title="Montserrat">Montserrat</a>,4_922,2_833,<img alt="" src="//upload.wikimedia.org/wikipedia/commons/thumb/d/d0/Flag_of_Montserrat.svg/23px-Flag_of_Montserrat.svg.png" width="23" height="12"   data-file-width="1200" data-file-height="600">
Morocco,<a href="http://en.wikipedia.org/wiki/Morocco" title="Morocco">Morocco</a>,33_337_529,18_283_513,<img alt="" src="//upload.wikimedia.org/wikipedia/commons/thumb/2/2c/Flag_of_Morocco.svg/23px-Flag_of_Morocco.svg.png" width="23" height="15"   data-file-width="900" data-file-height="600">
Mozambique,<a href="http://en.wikipedia.org/wiki/Mozambique" title="Mozambique">Mozambique</a>,26_423_700,1_301_220,<img alt="" src="//upload.wikimedia.org/wikipedia/commons/thumb/d/d0/Flag_of_Mozambique.svg/23px-Flag_of_Mozambique.svg.png" width="23" height="15"   data-file-width="900" data-file-height="600">
Namibia,<a href="http://en.wikipedia.org/wiki/Namibia" title="Namibia">Namibia</a>,2_324_400,303_416,<img alt="" src="//upload.wikimedia.org/wikipedia/commons/thumb/0/00/Flag_of_Namibia.svg/23px-Flag_of_Namibia.svg.png" width="23" height="15"   data-file-width="900" data-file-height="600">
Nauru,<a href="http://en.wikipedia.org/wiki/Nauru" title="Nauru">Nauru</a>,10_084,connected,<img alt="" src="//upload.wikimedia.org/wikipedia/commons/thumb/3/30/Flag_of_Nauru.svg/23px-Flag_of_Nauru.svg.png" width="23" height="12"   data-file-width="600" data-file-height="300">
Nepal,<a href="http://en.wikipedia.org/wiki/Nepal" title="Nepal">Nepal</a>,28_431_500,10_690_000,<img alt="" src="//upload.wikimedia.org/wikipedia/commons/thumb/9/9b/Flag_of_Nepal.svg/16px-Flag_of_Nepal.svg.png" width="16" height="20"  data-file-width="726" data-file-height="885">
Netherlands,<a href="http://en.wikipedia.org/wiki/Netherlands" title="Netherlands">Netherlands</a>,16_987_000,15_789_408,<img alt="" src="//upload.wikimedia.org/wikipedia/commons/thumb/2/20/Flag_of_the_Netherlands.svg/23px-Flag_of_the_Netherlands.svg.png" width="23" height="15"   data-file-width="900" data-file-height="600">
New Caledonia,<a href="http://en.wikipedia.org/wiki/New_Caledonia" title="New Caledonia">New Caledonia</a>,268_767,174_255,<img alt="" src="//upload.wikimedia.org/wikipedia/commons/thumb/8/88/Pro-Independence_Flag_of_New_Caledonia.svg/23px-Pro-Independence_Flag_of_New_Caledonia.svg.png" width="23" height="12"   data-file-width="900" data-file-height="450">
New Zealand,<a href="http://en.wikipedia.org/wiki/New_Zealand" title="New Zealand">New Zealand</a>,4_657_660,3_613_441,<img alt="" src="//upload.wikimedia.org/wikipedia/commons/thumb/3/3e/Flag_of_New_Zealand.svg/23px-Flag_of_New_Zealand.svg.png" width="23" height="12"   data-file-width="1200" data-file-height="600">
Nicaragua,<a href="http://en.wikipedia.org/wiki/Nicaragua" title="Nicaragua">Nicaragua</a>,6_198_154,897_222,<img alt="" src="//upload.wikimedia.org/wikipedia/commons/thumb/1/19/Flag_of_Nicaragua.svg/23px-Flag_of_Nicaragua.svg.png" width="23" height="14"   data-file-width="1000" data-file-height="600">
Niger,<a href="http://en.wikipedia.org/wiki/Niger" title="Niger">Niger</a>,20_715_000,287_289,<img alt="" src="//upload.wikimedia.org/wikipedia/commons/thumb/f/f4/Flag_of_Niger.svg/18px-Flag_of_Niger.svg.png" width="18" height="15"   data-file-width="700" data-file-height="600">
Nigeria,<a href="http://en.wikipedia.org/wiki/Nigeria" title="Nigeria">Nigeria</a>,186_988_000,65_675_984,<img alt="" src="//upload.wikimedia.org/wikipedia/commons/thumb/7/79/Flag_of_Nigeria.svg/23px-Flag_of_Nigeria.svg.png" width="23" height="12"   data-file-width="2400" data-file-height="1200">
Niue,<a href="http://en.wikipedia.org/wiki/Niue" title="Niue">Niue</a>,1_470,1_034,<img alt="" src="//upload.wikimedia.org/wikipedia/commons/thumb/0/01/Flag_of_Niue.svg/23px-Flag_of_Niue.svg.png" width="23" height="12"   data-file-width="600" data-file-height="300">
Norfolk Island,<a href="http://en.wikipedia.org/wiki/Norfolk_Island" title="Norfolk Island">Norfolk Island</a>,2_302,connected,<img alt="" src="//upload.wikimedia.org/wikipedia/commons/thumb/4/48/Flag_of_Norfolk_Island.svg/23px-Flag_of_Norfolk_Island.svg.png" width="23" height="12"   data-file-width="920" data-file-height="460">
North Korea,<a href="http://en.wikipedia.org/wiki/North_Korea" title="North Korea">North Korea</a>,25_281_000,connected,<img alt="" src="//upload.wikimedia.org/wikipedia/commons/thumb/5/51/Flag_of_North_Korea.svg/23px-Flag_of_North_Korea.svg.png" width="23" height="12"   data-file-width="1600" data-file-height="800">
Northern Cyprus,<a href="http://en.wikipedia.org/wiki/Northern_Cyprus" title="Northern Cyprus">Northern Cyprus</a>,294_396,connected,<img alt="" src="//upload.wikimedia.org/wikipedia/commons/thumb/1/1e/Flag_of_the_Turkish_Republic_of_Northern_Cyprus.svg/23px-Flag_of_the_Turkish_Republic_of_Northern_Cyprus.svg.png" width="23" height="15"   data-file-width="1026" data-file-height="684">
Northern Mariana Islands,<a href="http://en.wikipedia.org/wiki/Northern_Mariana_Islands" title="Northern Mariana Islands">Northern Mariana Islands</a>,56_940,connected,<img alt="" src="//upload.wikimedia.org/wikipedia/commons/thumb/e/e0/Flag_of_the_Northern_Mariana_Islands.svg/23px-Flag_of_the_Northern_Mariana_Islands.svg.png" width="23" height="12"   data-file-width="1000" data-file-height="500">
Norway,<a href="http://en.wikipedia.org/wiki/Norway" title="Norway">Norway</a>,5_214_890,4_834_019,<img alt="" src="//upload.wikimedia.org/wikipedia/commons/thumb/d/d9/Flag_of_Norway.svg/21px-Flag_of_Norway.svg.png" width="21" height="15"   data-file-width="1100" data-file-height="800">
Oman,<a href="http://en.wikipedia.org/wiki/Oman" title="Oman">Oman</a>,4_349_701,2_095_922,<img alt="" src="//upload.wikimedia.org/wikipedia/commons/thumb/d/dd/Flag_of_Oman.svg/23px-Flag_of_Oman.svg.png" width="23" height="12"   data-file-width="600" data-file-height="300">
Pakistan,<a href="http://en.wikipedia.org/wiki/Pakistan" title="Pakistan">Pakistan</a>,192_678_464,30_063_037,<img alt="" src="//upload.wikimedia.org/wikipedia/commons/thumb/3/32/Flag_of_Pakistan.svg/23px-Flag_of_Pakistan.svg.png" width="23" height="15"   data-file-width="900" data-file-height="600">
Palau,<a href="http://en.wikipedia.org/wiki/Palau" title="Palau">Palau</a>,17_950,connected,<img alt="" src="//upload.wikimedia.org/wikipedia/commons/thumb/4/48/Flag_of_Palau.svg/23px-Flag_of_Palau.svg.png" width="23" height="14"   data-file-width="800" data-file-height="500">
Palestinian Territories,<a href="http://en.wikipedia.org/wiki/State_of_Palestine" title="State of Palestine">Palestine</a>,4_682_467,2_069_099,<img alt="" src="//upload.wikimedia.org/wikipedia/commons/thumb/0/00/Flag_of_Palestine.svg/23px-Flag_of_Palestine.svg.png" width="23" height="12"   data-file-width="1200" data-file-height="600">
Panama,<a href="http://en.wikipedia.org/wiki/Panama" title="Panama">Panama</a>,3_764_166,1_526_986,<img alt="" src="//upload.wikimedia.org/wikipedia/commons/thumb/a/ab/Flag_of_Panama.svg/23px-Flag_of_Panama.svg.png" width="23" height="15"   data-file-width="450" data-file-height="300">
Papua New Guinea,<a href="http://en.wikipedia.org/wiki/Papua_New_Guinea" title="Papua New Guinea">Papua New Guinea</a>,8_083_700,418_074,<img alt="" src="//upload.wikimedia.org/wikipedia/commons/thumb/e/e3/Flag_of_Papua_New_Guinea.svg/20px-Flag_of_Papua_New_Guinea.svg.png" width="20" height="15"   data-file-width="600" data-file-height="450">
Paraguay,<a href="http://en.wikipedia.org/wiki/Paraguay" title="Paraguay">Paraguay</a>,6_854_536,2_443_980,<img alt="" src="//upload.wikimedia.org/wikipedia/commons/thumb/2/27/Flag_of_Paraguay.svg/23px-Flag_of_Paraguay.svg.png" width="23" height="13"   data-file-width="600" data-file-height="330">
Peru,<a href="http://en.wikipedia.org/wiki/Peru" title="Peru">Peru</a>,31_488_700,11_700_927,<img alt="" src="//upload.wikimedia.org/wikipedia/commons/thumb/c/cf/Flag_of_Peru.svg/23px-Flag_of_Peru.svg.png" width="23" height="15"   data-file-width="900" data-file-height="600">
Philippines,<a href="http://en.wikipedia.org/wiki/Philippines" title="Philippines">Philippines</a>,102_751_500,39_116_638,<img alt="" src="//upload.wikimedia.org/wikipedia/commons/thumb/9/99/Flag_of_the_Philippines.svg/23px-Flag_of_the_Philippines.svg.png" width="23" height="12"   data-file-width="900" data-file-height="450">
Pitcairn Islands,<a href="http://en.wikipedia.org/wiki/Pitcairn_Islands" title="Pitcairn Islands">Pitcairn Islands</a>,56,connected,<img alt="" src="//upload.wikimedia.org/wikipedia/commons/thumb/8/88/Flag_of_the_Pitcairn_Islands.svg/23px-Flag_of_the_Pitcairn_Islands.svg.png" width="23" height="12"   data-file-width="1200" data-file-height="600">
Poland,<a href="http://en.wikipedia.org/wiki/Poland" title="Poland">Poland</a>,38_484_000,24_123_917,<img alt="" src="//upload.wikimedia.org/wikipedia/en/thumb/1/12/Flag_of_Poland.svg/23px-Flag_of_Poland.svg.png" width="23" height="14"   data-file-width="1280" data-file-height="800">
Portugal,<a href="http://en.wikipedia.org/wiki/Portugal" title="Portugal">Portugal</a>,10_374_822,6_705_872,<img alt="" src="//upload.wikimedia.org/wikipedia/commons/thumb/5/5c/Flag_of_Portugal.svg/23px-Flag_of_Portugal.svg.png" width="23" height="15"   data-file-width="600" data-file-height="400">
Puerto Rico,<a href="http://en.wikipedia.org/wiki/Puerto_Rico" title="Puerto Rico">Puerto Rico</a>,3_474_182,2_694_134,<img alt="" src="//upload.wikimedia.org/wikipedia/commons/thumb/2/28/Flag_of_Puerto_Rico.svg/23px-Flag_of_Puerto_Rico.svg.png" width="23" height="15"   data-file-width="900" data-file-height="600">
Qatar,<a href="http://en.wikipedia.org/wiki/Qatar" title="Qatar">Qatar</a>,2_421_000,1_742_205,<img alt="" src="//upload.wikimedia.org/wikipedia/commons/thumb/6/65/Flag_of_Qatar.svg/23px-Flag_of_Qatar.svg.png" width="23" height="9"   data-file-width="1400" data-file-height="550">
Republic of the Congo,<a href="http://en.wikipedia.org/wiki/Republic_of_the_Congo" title="Republic of the Congo">Republic of the Congo</a>,4_741_000,301_891,<img alt="" src="//upload.wikimedia.org/wikipedia/commons/thumb/9/92/Flag_of_the_Republic_of_the_Congo.svg/23px-Flag_of_the_Republic_of_the_Congo.svg.png" width="23" height="15"   data-file-width="600" data-file-height="400">
Romania,<a href="http://en.wikipedia.org/wiki/Romania" title="Romania">Romania</a>,19_861_000,10_843_923,<img alt="" src="//upload.wikimedia.org/wikipedia/commons/thumb/7/73/Flag_of_Romania.svg/23px-Flag_of_Romania.svg.png" width="23" height="15"   data-file-width="600" data-file-height="400">
Russia,<a href="http://en.wikipedia.org/wiki/Russia" title="Russia">Russia</a>,146_519_759,87_495_296,<img alt="" src="//upload.wikimedia.org/wikipedia/en/thumb/f/f3/Flag_of_Russia.svg/23px-Flag_of_Russia.svg.png" width="23" height="15"   data-file-width="900" data-file-height="600">
Rwanda,<a href="http://en.wikipedia.org/wiki/Rwanda" title="Rwanda">Rwanda</a>,11_553_188,1_045_095,<img alt="" src="//upload.wikimedia.org/wikipedia/commons/thumb/1/17/Flag_of_Rwanda.svg/23px-Flag_of_Rwanda.svg.png" width="23" height="15"   data-file-width="1080" data-file-height="720">
Saint Barthélemy,<a href="http://en.wikipedia.org/wiki/Saint_Barth%C3%A9lemy" title="Saint Barthélemy">Saint Barthélemy</a>,9_269,connected,<img alt="" src="//upload.wikimedia.org/wikipedia/commons/thumb/d/df/Flag_of_Saint_Barthelemy_%28local%29.svg/23px-Flag_of_Saint_Barthelemy_%28local%29.svg.png" width="23" height="15"   data-file-width="450" data-file-height="300">
Saint Kitts and Nevis,<a href="http://en.wikipedia.org/wiki/Saint_Kitts_and_Nevis" title="Saint Kitts and Nevis">Saint Kitts and Nevis</a>,46_204,40_907,<img alt="" src="//upload.wikimedia.org/wikipedia/commons/thumb/f/fe/Flag_of_Saint_Kitts_and_Nevis.svg/23px-Flag_of_Saint_Kitts_and_Nevis.svg.png" width="23" height="15"   data-file-width="750" data-file-height="500">
Saint Lucia,<a href="http://en.wikipedia.org/wiki/Saint_Lucia" title="Saint Lucia">Saint Lucia</a>,186_000,57_299,<img alt="" src="//upload.wikimedia.org/wikipedia/commons/thumb/9/9f/Flag_of_Saint_Lucia.svg/23px-Flag_of_Saint_Lucia.svg.png" width="23" height="12"   data-file-width="1200" data-file-height="600">
Saint Pierre and Miquelon,<a href="http://en.wikipedia.org/wiki/Saint_Pierre_and_Miquelon" title="Saint Pierre and Miquelon">Saint Pierre and Miquelon</a>,6_069,connected,<img alt="" src="//upload.wikimedia.org/wikipedia/commons/thumb/7/74/Flag_of_Saint-Pierre_and_Miquelon.svg/23px-Flag_of_Saint-Pierre_and_Miquelon.svg.png" width="23" height="15"   data-file-width="450" data-file-height="300">
Saint Vincent and the Grenadines,<a href="http://en.wikipedia.org/wiki/Saint_Vincent_and_the_Grenadines" title="Saint Vincent and the Grenadines">Saint Vincent and the Grenadines</a>,109_991,53_674,<img alt="" src="//upload.wikimedia.org/wikipedia/commons/thumb/6/6d/Flag_of_Saint_Vincent_and_the_Grenadines.svg/23px-Flag_of_Saint_Vincent_and_the_Grenadines.svg.png" width="23" height="15"   data-file-width="450" data-file-height="300">
San Marino,<a href="http://en.wikipedia.org/wiki/San_Marino" title="San Marino">San Marino</a>,33_005,16_484,<img alt="" src="//upload.wikimedia.org/wikipedia/commons/thumb/b/b1/Flag_of_San_Marino.svg/20px-Flag_of_San_Marino.svg.png" width="20" height="15"   data-file-width="800" data-file-height="600">
Saudi Arabia,<a href="http://en.wikipedia.org/wiki/Saudi_Arabia" title="Saudi Arabia">Saudi Arabia</a>,32_248_200,16_298_448,<img alt="" src="//upload.wikimedia.org/wikipedia/commons/thumb/0/0d/Flag_of_Saudi_Arabia.svg/23px-Flag_of_Saudi_Arabia.svg.png" width="23" height="15"   data-file-width="750" data-file-height="500">
Senegal,<a href="http://en.wikipedia.org/wiki/Senegal" title="Senegal">Senegal</a>,14_354_690,2_779_786,<img alt="" src="//upload.wikimedia.org/wikipedia/commons/thumb/f/fd/Flag_of_Senegal.svg/23px-Flag_of_Senegal.svg.png" width="23" height="15"   data-file-width="900" data-file-height="600">
Serbia,<a href="http://en.wikipedia.org/wiki/Serbia" title="Serbia">Serbia</a>,7_114_393,5_105_488,<img alt="" src="//upload.wikimedia.org/wikipedia/commons/thumb/f/ff/Flag_of_Serbia.svg/23px-Flag_of_Serbia.svg.png" width="23" height="15"   data-file-width="1350" data-file-height="900">
Seychelles,<a href="http://en.wikipedia.org/wiki/Seychelles" title="Seychelles">Seychelles</a>,91_400,45_786,<img alt="" src="//upload.wikimedia.org/wikipedia/commons/thumb/f/fc/Flag_of_Seychelles.svg/23px-Flag_of_Seychelles.svg.png" width="23" height="12"   data-file-width="900" data-file-height="450">
Sierra Leone,<a href="http://en.wikipedia.org/wiki/Sierra_Leone" title="Sierra Leone">Sierra Leone</a>,6_592_000,95_416,<img alt="" src="//upload.wikimedia.org/wikipedia/commons/thumb/1/17/Flag_of_Sierra_Leone.svg/23px-Flag_of_Sierra_Leone.svg.png" width="23" height="15"   data-file-width="450" data-file-height="300">
Singapore,<a href="http://en.wikipedia.org/wiki/Singapore" title="Singapore">Singapore</a>,5_535_000,3_986_020,<img alt="" src="//upload.wikimedia.org/wikipedia/commons/thumb/4/48/Flag_of_Singapore.svg/23px-Flag_of_Singapore.svg.png" width="23" height="15"   data-file-width="4320" data-file-height="2880">
Sint Maarten,<a href="http://en.wikipedia.org/wiki/Sint_Maarten" title="Sint Maarten">Sint Maarten</a>,38_247,connected,<img alt="" src="//upload.wikimedia.org/wikipedia/commons/thumb/d/d3/Flag_of_Sint_Maarten.svg/23px-Flag_of_Sint_Maarten.svg.png" width="23" height="15"   data-file-width="675" data-file-height="450">
Slovakia,<a href="http://en.wikipedia.org/wiki/Slovakia" title="Slovakia">Slovakia</a>,5_424_058,4_274_461,<img alt="" src="//upload.wikimedia.org/wikipedia/commons/thumb/e/e6/Flag_of_Slovakia.svg/23px-Flag_of_Slovakia.svg.png" width="23" height="15"   data-file-width="900" data-file-height="600">
Slovenia,<a href="http://en.wikipedia.org/wiki/Slovenia" title="Slovenia">Slovenia</a>,2_069_531,1_448_199,<img alt="" src="//upload.wikimedia.org/wikipedia/commons/thumb/f/f0/Flag_of_Slovenia.svg/23px-Flag_of_Slovenia.svg.png" width="23" height="12"   data-file-width="1200" data-file-height="600">
Solomon Islands,<a href="http://en.wikipedia.org/wiki/Solomon_Islands" title="Solomon Islands">Solomon Islands</a>,642_000,47_780,<img alt="" src="//upload.wikimedia.org/wikipedia/commons/thumb/7/74/Flag_of_the_Solomon_Islands.svg/23px-Flag_of_the_Solomon_Islands.svg.png" width="23" height="12"   data-file-width="800" data-file-height="400">
Somalia,<a href="http://en.wikipedia.org/wiki/Somalia" title="Somalia">Somalia</a>,11_079_000,153_774,<img alt="" src="//upload.wikimedia.org/wikipedia/commons/thumb/a/a0/Flag_of_Somalia.svg/23px-Flag_of_Somalia.svg.png" width="23" height="15"   data-file-width="900" data-file-height="600">
South Africa,<a href="http://en.wikipedia.org/wiki/South_Africa" title="South Africa">South Africa</a>,54_956_900,23_765_937,<img alt="" src="//upload.wikimedia.org/wikipedia/commons/thumb/a/af/Flag_of_South_Africa.svg/23px-Flag_of_South_Africa.svg.png" width="23" height="15"   data-file-width="900" data-file-height="600">
South Georgia and the South Sandwich Islands,<a href="http://en.wikipedia.org/wiki/South_Georgia_and_the_South_Sandwich_Islands" title="South Georgia and the South Sandwich Islands">South Georgia and the South Sandwich Islands</a>,30,connected,<img alt="" src="//upload.wikimedia.org/wikipedia/commons/thumb/e/ed/Flag_of_South_Georgia_and_the_South_Sandwich_Islands.svg/23px-Flag_of_South_Georgia_and_the_South_Sandwich_Islands.svg.png" width="23" height="12"   data-file-width="750" data-file-height="375">
South Korea,<a href="http://en.wikipedia.org/wiki/South_Korea" title="South Korea">South Korea</a>,51_541_582,41_499_326,<img alt="" src="//upload.wikimedia.org/wikipedia/commons/thumb/0/09/Flag_of_South_Korea.svg/23px-Flag_of_South_Korea.svg.png" width="23" height="15"   data-file-width="900" data-file-height="600">
South Ossetia,<a href="http://en.wikipedia.org/wiki/South_Ossetia" title="South Ossetia">South Ossetia</a>,51_547,connected,<img alt="" src="//upload.wikimedia.org/wikipedia/commons/thumb/1/12/Flag_of_South_Ossetia.svg/23px-Flag_of_South_Ossetia.svg.png" width="23" height="12"   data-file-width="600" data-file-height="300">
South Sudan,<a href="http://en.wikipedia.org/wiki/South_Sudan" title="South Sudan">South Sudan</a>,12_131_000,connected,<img alt="" src="//upload.wikimedia.org/wikipedia/commons/thumb/7/7a/Flag_of_South_Sudan.svg/23px-Flag_of_South_Sudan.svg.png" width="23" height="12"   data-file-width="1000" data-file-height="500">
Spain,<a href="http://en.wikipedia.org/wiki/Spain" title="Spain">Spain</a>,46_423_064,36_721_233,<img alt="" src="//upload.wikimedia.org/wikipedia/en/thumb/9/9a/Flag_of_Spain.svg/23px-Flag_of_Spain.svg.png" width="23" height="15"   data-file-width="750" data-file-height="500">
Sri Lanka,<a href="http://en.wikipedia.org/wiki/Sri_Lanka" title="Sri Lanka">Sri Lanka</a>,20_966_000,4_746_967,<img alt="" src="//upload.wikimedia.org/wikipedia/commons/thumb/1/11/Flag_of_Sri_Lanka.svg/23px-Flag_of_Sri_Lanka.svg.png" width="23" height="12"   data-file-width="1200" data-file-height="600">
Sudan,<a href="http://en.wikipedia.org/wiki/Sudan" title="Sudan">Sudan</a>,39_598_700,7_910_476,<img alt="" src="//upload.wikimedia.org/wikipedia/commons/thumb/0/01/Flag_of_Sudan.svg/23px-Flag_of_Sudan.svg.png" width="23" height="12"   data-file-width="600" data-file-height="300">
Suriname,<a href="http://en.wikipedia.org/wiki/Suriname" title="Suriname">Suriname</a>,534_189,212_000,<img alt="" src="//upload.wikimedia.org/wikipedia/commons/thumb/6/60/Flag_of_Suriname.svg/23px-Flag_of_Suriname.svg.png" width="23" height="15"   data-file-width="900" data-file-height="600">
Swaziland,<a href="http://en.wikipedia.org/wiki/Swaziland" title="Swaziland">Swaziland</a>,1_132_657,346_630,<img alt="" src="//upload.wikimedia.org/wikipedia/commons/thumb/1/1e/Flag_of_Swaziland.svg/23px-Flag_of_Swaziland.svg.png" width="23" height="15"   data-file-width="450" data-file-height="300">
Sweden,<a href="http://en.wikipedia.org/wiki/Sweden" title="Sweden">Sweden</a>,9_845_155,9_144_140,<img alt="" src="//upload.wikimedia.org/wikipedia/en/thumb/4/4c/Flag_of_Sweden.svg/23px-Flag_of_Sweden.svg.png" width="23" height="14"   data-file-width="1600" data-file-height="1000">
Switzerland,<a href="http://en.wikipedia.org/wiki/Switzerland" title="Switzerland">Switzerland</a>,8_306_200,6_932_555,<img alt="" src="//upload.wikimedia.org/wikipedia/commons/thumb/f/f3/Flag_of_Switzerland.svg/16px-Flag_of_Switzerland.svg.png" width="16" height="16"   data-file-width="1000" data-file-height="1000">
Syria,<a href="http://en.wikipedia.org/wiki/Syria" title="Syria">Syria</a>,23_040_667,5_883_822,<img alt="" src="//upload.wikimedia.org/wikipedia/commons/thumb/5/53/Flag_of_Syria.svg/23px-Flag_of_Syria.svg.png" width="23" height="15"   data-file-width="900" data-file-height="600">
São Tomé and Príncipe,<a href="http://en.wikipedia.org/wiki/S%C3%A3o_Tom%C3%A9_and_Pr%C3%ADncipe" title="São Tomé and Príncipe">São Tomé and Príncipe</a>,187_356,42_968,<img alt="" src="//upload.wikimedia.org/wikipedia/commons/thumb/4/4f/Flag_of_Sao_Tome_and_Principe.svg/23px-Flag_of_Sao_Tome_and_Principe.svg.png" width="23" height="12"   data-file-width="2800" data-file-height="1400">
Taiwan,<a href="http://en.wikipedia.org/wiki/Taiwan" title="Taiwan">Taiwan</a>,23_476_640,18_639_773,<img alt="" src="//upload.wikimedia.org/wikipedia/commons/thumb/7/72/Flag_of_the_Republic_of_China.svg/23px-Flag_of_the_Republic_of_China.svg.png" width="23" height="15"   data-file-width="900" data-file-height="600">
Tajikistan,<a href="http://en.wikipedia.org/wiki/Tajikistan" title="Tajikistan">Tajikistan</a>,8_352_000,1_265_607,<img alt="" src="//upload.wikimedia.org/wikipedia/commons/thumb/d/d0/Flag_of_Tajikistan.svg/23px-Flag_of_Tajikistan.svg.png" width="23" height="12"   data-file-width="1200" data-file-height="600">
Tanzania,<a href="http://en.wikipedia.org/wiki/Tanzania" title="Tanzania">Tanzania</a>,55_155_000,2_123_525,<img alt="" src="//upload.wikimedia.org/wikipedia/commons/thumb/3/38/Flag_of_Tanzania.svg/23px-Flag_of_Tanzania.svg.png" width="23" height="15"   data-file-width="900" data-file-height="600">
Thailand,<a href="http://en.wikipedia.org/wiki/Thailand" title="Thailand">Thailand</a>,65_235_068,19_533_675,<img alt="" src="//upload.wikimedia.org/wikipedia/commons/thumb/a/a9/Flag_of_Thailand.svg/23px-Flag_of_Thailand.svg.png" width="23" height="15"   data-file-width="900" data-file-height="600">
The Bahamas,<a href="http://en.wikipedia.org/wiki/The_Bahamas" title="The Bahamas">The Bahamas</a>,393_000,229_702,<img alt="" src="//upload.wikimedia.org/wikipedia/commons/thumb/9/93/Flag_of_the_Bahamas.svg/23px-Flag_of_the_Bahamas.svg.png" width="23" height="12"   data-file-width="600" data-file-height="300">
The Gambia,<a href="http://en.wikipedia.org/wiki/The_Gambia" title="The Gambia">The Gambia</a>,1_882_450,connected,<img alt="" src="//upload.wikimedia.org/wikipedia/commons/thumb/7/77/Flag_of_The_Gambia.svg/23px-Flag_of_The_Gambia.svg.png" width="23" height="15"   data-file-width="600" data-file-height="400">
Togo,<a href="http://en.wikipedia.org/wiki/Togo" title="Togo">Togo</a>,7_143_000,321_941,<img alt="" src="//upload.wikimedia.org/wikipedia/commons/thumb/6/68/Flag_of_Togo.svg/23px-Flag_of_Togo.svg.png" width="23" height="14"   data-file-width="809" data-file-height="500">
Tokelau,<a href="http://en.wikipedia.org/wiki/Tokelau" title="Tokelau">Tokelau</a>,1_411,connected,<img alt="" src="//upload.wikimedia.org/wikipedia/commons/thumb/8/8e/Flag_of_Tokelau.svg/23px-Flag_of_Tokelau.svg.png" width="23" height="12"   data-file-width="1800" data-file-height="900">
Tonga,<a href="http://en.wikipedia.org/wiki/Tonga" title="Tonga">Tonga</a>,103_252,37_213,<img alt="" src="//upload.wikimedia.org/wikipedia/commons/thumb/9/9a/Flag_of_Tonga.svg/23px-Flag_of_Tonga.svg.png" width="23" height="12"   data-file-width="960" data-file-height="480">
Transnistria,<a href="http://en.wikipedia.org/wiki/Transnistria" title="Transnistria">Transnistria</a>,505_153,connected,<img alt="" src="//upload.wikimedia.org/wikipedia/commons/thumb/b/bc/Flag_of_Transnistria_%28state%29.svg/23px-Flag_of_Transnistria_%28state%29.svg.png" width="23" height="12"   data-file-width="600" data-file-height="300">
Trinidad and Tobago,<a href="http://en.wikipedia.org/wiki/Trinidad_and_Tobago" title="Trinidad and Tobago">Trinidad and Tobago</a>,1_349_667,781_694,<img alt="" src="//upload.wikimedia.org/wikipedia/commons/thumb/6/64/Flag_of_Trinidad_and_Tobago.svg/23px-Flag_of_Trinidad_and_Tobago.svg.png" width="23" height="14"   data-file-width="800" data-file-height="480">
Tunisia,<a href="http://en.wikipedia.org/wiki/Tunisia" title="Tunisia">Tunisia</a>,10_982_754,4_746_112,<img alt="" src="//upload.wikimedia.org/wikipedia/commons/thumb/c/ce/Flag_of_Tunisia.svg/23px-Flag_of_Tunisia.svg.png" width="23" height="15"   data-file-width="1200" data-file-height="800">
Turkey,<a href="http://en.wikipedia.org/wiki/Turkey" title="Turkey">Turkey</a>,79_622_000,37_321_199,<img alt="" src="//upload.wikimedia.org/wikipedia/commons/thumb/b/b4/Flag_of_Turkey.svg/23px-Flag_of_Turkey.svg.png" width="23" height="15"   data-file-width="1200" data-file-height="800">
Turkmenistan,<a href="http://en.wikipedia.org/wiki/Turkmenistan" title="Turkmenistan">Turkmenistan</a>,4_751_120,490_852,<img alt="" src="//upload.wikimedia.org/wikipedia/commons/thumb/1/1b/Flag_of_Turkmenistan.svg/23px-Flag_of_Turkmenistan.svg.png" width="23" height="15"   data-file-width="900" data-file-height="600">
Turks and Caicos Islands,<a href="http://en.wikipedia.org/wiki/Turks_and_Caicos_Islands" title="Turks and Caicos Islands">Turks and Caicos Islands</a>,31_458,connected,<img alt="" src="//upload.wikimedia.org/wikipedia/commons/thumb/a/a0/Flag_of_the_Turks_and_Caicos_Islands.svg/23px-Flag_of_the_Turks_and_Caicos_Islands.svg.png" width="23" height="12"   data-file-width="1200" data-file-height="600">
Tuvalu,<a href="http://en.wikipedia.org/wiki/Tuvalu" title="Tuvalu">Tuvalu</a>,10_640,3_958,<img alt="" src="//upload.wikimedia.org/wikipedia/commons/thumb/3/38/Flag_of_Tuvalu.svg/23px-Flag_of_Tuvalu.svg.png" width="23" height="12"   data-file-width="1200" data-file-height="600">
Uganda,<a href="http://en.wikipedia.org/wiki/Uganda" title="Uganda">Uganda</a>,34_856_813,5_630_927,<img alt="" src="//upload.wikimedia.org/wikipedia/commons/thumb/4/4e/Flag_of_Uganda.svg/23px-Flag_of_Uganda.svg.png" width="23" height="15"   data-file-width="900" data-file-height="600">
Ukraine,<a href="http://en.wikipedia.org/wiki/Ukraine" title="Ukraine">Ukraine</a>,42_774_605,18_631_600,<img alt="" src="//upload.wikimedia.org/wikipedia/commons/thumb/4/49/Flag_of_Ukraine.svg/23px-Flag_of_Ukraine.svg.png" width="23" height="15"   data-file-width="1200" data-file-height="800">
United Arab Emirates,<a href="http://en.wikipedia.org/wiki/United_Arab_Emirates" title="United Arab Emirates">United Arab Emirates</a>,9_267_000,4_817_095,<img alt="" src="//upload.wikimedia.org/wikipedia/commons/thumb/c/cb/Flag_of_the_United_Arab_Emirates.svg/23px-Flag_of_the_United_Arab_Emirates.svg.png" width="23" height="12"   data-file-width="1200" data-file-height="600">
United Kingdom,<a href="http://en.wikipedia.org/wiki/United_Kingdom" title="United Kingdom">United Kingdom</a>,65_097_000,56_954_584,<img alt="" src="//upload.wikimedia.org/wikipedia/en/thumb/a/ae/Flag_of_the_United_Kingdom.svg/23px-Flag_of_the_United_Kingdom.svg.png" width="23" height="12"   data-file-width="1200" data-file-height="600">
United States,<a href="http://en.wikipedia.org/wiki/United_States" title="United States">United States</a>,322_774_000,266_441_302,<img alt="" src="//upload.wikimedia.org/wikipedia/en/thumb/a/a4/Flag_of_the_United_States.svg/23px-Flag_of_the_United_States.svg.png" width="23" height="12"   data-file-width="1235" data-file-height="650">
United States Virgin Islands,<a href="http://en.wikipedia.org/wiki/United_States_Virgin_Islands" title="United States Virgin Islands">United States Virgin Islands</a>,106_000,34_040,<img alt="" src="//upload.wikimedia.org/wikipedia/commons/thumb/f/f8/Flag_of_the_United_States_Virgin_Islands.svg/23px-Flag_of_the_United_States_Virgin_Islands.svg.png" width="23" height="15"   data-file-width="1276" data-file-height="850">
Uruguay,<a href="http://en.wikipedia.org/wiki/Uruguay" title="Uruguay">Uruguay</a>,3_480_222,1_931_511,<img alt="" src="//upload.wikimedia.org/wikipedia/commons/thumb/f/fe/Flag_of_Uruguay.svg/23px-Flag_of_Uruguay.svg.png" width="23" height="15"   data-file-width="900" data-file-height="600">
Uzbekistan,<a href="http://en.wikipedia.org/wiki/Uzbekistan" title="Uzbekistan">Uzbekistan</a>,31_022_500,10_948_745,<img alt="" src="//upload.wikimedia.org/wikipedia/commons/thumb/8/84/Flag_of_Uzbekistan.svg/23px-Flag_of_Uzbekistan.svg.png" width="23" height="12"   data-file-width="500" data-file-height="250">
Vanuatu,<a href="http://en.wikipedia.org/wiki/Vanuatu" title="Vanuatu">Vanuatu</a>,277_500,29_557,<img alt="" src="//upload.wikimedia.org/wikipedia/commons/thumb/b/bc/Flag_of_Vanuatu.svg/23px-Flag_of_Vanuatu.svg.png" width="23" height="14"   data-file-width="600" data-file-height="360">
Vatican City,<a href="http://en.wikipedia.org/wiki/Vatican_City" title="Vatican City">Vatican City</a>,839,connected,<img alt="" src="//upload.wikimedia.org/wikipedia/commons/thumb/0/00/Flag_of_the_Vatican_City.svg/16px-Flag_of_the_Vatican_City.svg.png" width="16" height="16"   data-file-width="500" data-file-height="500">
Venezuela,<a href="http://en.wikipedia.org/wiki/Venezuela" title="Venezuela">Venezuela</a>,31_028_700,15_624_038,<img alt="" src="//upload.wikimedia.org/wikipedia/commons/thumb/0/06/Flag_of_Venezuela.svg/23px-Flag_of_Venezuela.svg.png" width="23" height="15"   data-file-width="900" data-file-height="600">
Vietnam,<a href="http://en.wikipedia.org/wiki/Vietnam" title="Vietnam">Vietnam</a>,91_700_000,40_597_779,<img alt="" src="//upload.wikimedia.org/wikipedia/commons/thumb/2/21/Flag_of_Vietnam.svg/23px-Flag_of_Vietnam.svg.png" width="23" height="15"   data-file-width="900" data-file-height="600">
Wallis and Futuna,<a href="http://en.wikipedia.org/wiki/Wallis_and_Futuna" title="Wallis and Futuna">Wallis and Futuna</a>,11_750,1_383,<img alt="" src="//upload.wikimedia.org/wikipedia/commons/thumb/d/d2/Flag_of_Wallis_and_Futuna.svg/23px-Flag_of_Wallis_and_Futuna.svg.png" width="23" height="15"   data-file-width="900" data-file-height="600">
Western Sahara,<a href="http://en.wikipedia.org/wiki/Western_Sahara" title="Western Sahara">Western Sahara</a>,510_713,connected,<img alt="" src="//upload.wikimedia.org/wikipedia/commons/thumb/2/26/Flag_of_the_Sahrawi_Arab_Democratic_Republic.svg/23px-Flag_of_the_Sahrawi_Arab_Democratic_Republic.svg.png" width="23" height="12"   data-file-width="600" data-file-height="300">
Yemen,<a href="http://en.wikipedia.org/wiki/Yemen" title="Yemen">Yemen</a>,25_956_000,5_067_692,<img alt="" src="//upload.wikimedia.org/wikipedia/commons/thumb/8/89/Flag_of_Yemen.svg/23px-Flag_of_Yemen.svg.png" width="23" height="15"   data-file-width="450" data-file-height="300">
Zambia,<a href="http://en.wikipedia.org/wiki/Zambia" title="Zambia">Zambia</a>,15_933_883,2_190_224,<img alt="" src="//upload.wikimedia.org/wikipedia/commons/thumb/0/06/Flag_of_Zambia.svg/23px-Flag_of_Zambia.svg.png" width="23" height="15"   data-file-width="2100" data-file-height="1400">
Zimbabwe,<a href="http://en.wikipedia.org/wiki/Zimbabwe" title="Zimbabwe">Zimbabwe</a>,15_967_000,2_438_838,<img alt="" src="//upload.wikimedia.org/wikipedia/commons/thumb/6/6a/Flag_of_Zimbabwe.svg/23px-Flag_of_Zimbabwe.svg.png" width="23" height="12"   data-file-width="1200" data-file-height="600">
