Afghanistan,<a href="http://en.wikipedia.org/wiki/Afghanistan" title="Afghanistan">Afghanistan</a>,32_358_000,1_164_829,<img alt="" src="//upload.wikimedia.org/wikipedia/commons/thumb/9/9a/Flag_of_Afghanistan.svg/22px-Flag_of_Afghanistan.svg.png" width="22" height="15">
Albania,<a href="http://en.wikipedia.org/wiki/Albania" title="Albania">Albania</a>,3_194_972,1_344_128,<img alt="" src="//upload.wikimedia.org/wikipedia/commons/thumb/3/36/Flag_of_Albania.svg/22px-Flag_of_Albania.svg.png" width="22" height="16">
Algeria,<a href="http://en.wikipedia.org/wiki/Algeria" title="Algeria">Algeria</a>,36_300_000,4_323_273,<img alt="" src="//upload.wikimedia.org/wikipedia/commons/thumb/7/77/Flag_of_Algeria.svg/22px-Flag_of_Algeria.svg.png" width="22" height="15">
American Samoa,<a href="http://en.wikipedia.org/wiki/American_Samoa" title="American Samoa">American Samoa</a>,55_519,13_440,<img alt="" src="//upload.wikimedia.org/wikipedia/commons/thumb/8/87/Flag_of_American_Samoa.svg/22px-Flag_of_American_Samoa.svg.png" width="22" height="11">
Andorra,<a href="http://en.wikipedia.org/wiki/Andorra" title="Andorra">Andorra</a>,85_015,68_465,<img alt="" src="//upload.wikimedia.org/wikipedia/commons/thumb/1/19/Flag_of_Andorra.svg/22px-Flag_of_Andorra.svg.png" width="22" height="15">
Angola,<a href="http://en.wikipedia.org/wiki/Angola" title="Angola">Angola</a>,19_618_000,1_704_287,<img alt="" src="//upload.wikimedia.org/wikipedia/commons/thumb/9/9d/Flag_of_Angola.svg/22px-Flag_of_Angola.svg.png" width="22" height="15">
Anguilla,<a href="http://en.wikipedia.org/wiki/Anguilla" title="Anguilla">Anguilla</a>,15_236,connected,<img alt="" src="//upload.wikimedia.org/wikipedia/commons/thumb/b/b4/Flag_of_Anguilla.svg/22px-Flag_of_Anguilla.svg.png" width="22" height="11">
Antigua and Barbuda,<a href="http://en.wikipedia.org/wiki/Antigua_and_Barbuda" title="Antigua and Barbuda">Antigua and Barbuda</a>,89_138,69_403,<img alt="" src="//upload.wikimedia.org/wikipedia/commons/thumb/8/89/Flag_of_Antigua_and_Barbuda.svg/22px-Flag_of_Antigua_and_Barbuda.svg.png" width="22" height="15">
Argentina,<a href="http://en.wikipedia.org/wiki/Argentina" title="Argentina">Argentina</a>,40_117_096,14_883_552,<img alt="" src="//upload.wikimedia.org/wikipedia/commons/thumb/1/1a/Flag_of_Argentina.svg/22px-Flag_of_Argentina.svg.png" width="22" height="14">
Armenia,<a href="http://en.wikipedia.org/wiki/Armenia" title="Armenia">Armenia</a>,3_266_300,1_097_717,<img alt="" src="//upload.wikimedia.org/wikipedia/commons/thumb/2/2f/Flag_of_Armenia.svg/22px-Flag_of_Armenia.svg.png" width="22" height="11">
Aruba,<a href="http://en.wikipedia.org/wiki/Aruba" title="Aruba">Aruba</a>,101_484,43_927,<img alt="" src="//upload.wikimedia.org/wikipedia/commons/thumb/f/f6/Flag_of_Aruba.svg/22px-Flag_of_Aruba.svg.png" width="22" height="15">
Australia,<a href="http://en.wikipedia.org/wiki/Australia" title="Australia">Australia</a>,22_546_300,16_351_973,<img alt="" src="//upload.wikimedia.org/wikipedia/en/thumb/b/b9/Flag_of_Australia.svg/22px-Flag_of_Australia.svg.png" width="22" height="11">
Austria,<a href="http://en.wikipedia.org/wiki/Austria" title="Austria">Austria</a>,8_419_776,5_971_694,<img alt="" src="//upload.wikimedia.org/wikipedia/commons/thumb/4/41/Flag_of_Austria.svg/22px-Flag_of_Austria.svg.png" width="22" height="15">
Azerbaijan,<a href="http://en.wikipedia.org/wiki/Azerbaijan" title="Azerbaijan">Azerbaijan</a>,9_111_100,3_347_672,<img alt="" src="//upload.wikimedia.org/wikipedia/commons/thumb/d/dd/Flag_of_Azerbaijan.svg/22px-Flag_of_Azerbaijan.svg.png" width="22" height="11">
Bahamas,<a href="http://en.wikipedia.org/wiki/The_Bahamas" title="The Bahamas">Bahamas</a>,353_658,connected,<img alt="" src="//upload.wikimedia.org/wikipedia/commons/thumb/9/93/Flag_of_the_Bahamas.svg/22px-Flag_of_the_Bahamas.svg.png" width="22" height="11">
Bahrain,<a href="http://en.wikipedia.org/wiki/Bahrain" title="Bahrain">Bahrain</a>,1_234_571,649_044,<img alt="" src="//upload.wikimedia.org/wikipedia/commons/thumb/2/2c/Flag_of_Bahrain.svg/22px-Flag_of_Bahrain.svg.png" width="22" height="13">
Bangladesh,<a href="http://en.wikipedia.org/wiki/Bangladesh" title="Bangladesh">Bangladesh</a>,142_319_000,5_776_383,<img alt="" src="//upload.wikimedia.org/wikipedia/commons/thumb/f/f9/Flag_of_Bangladesh.svg/22px-Flag_of_Bangladesh.svg.png" width="22" height="13">
Barbados,<a href="http://en.wikipedia.org/wiki/Barbados" title="Barbados">Barbados</a>,276_302,200_528,<img alt="" src="//upload.wikimedia.org/wikipedia/commons/thumb/e/ef/Flag_of_Barbados.svg/22px-Flag_of_Barbados.svg.png" width="22" height="15">
Belarus,<a href="http://en.wikipedia.org/wiki/Belarus" title="Belarus">Belarus</a>,9_468_000,3_047_204,<img alt="" src="//upload.wikimedia.org/wikipedia/commons/thumb/8/85/Flag_of_Belarus.svg/22px-Flag_of_Belarus.svg.png" width="22" height="11">
Belgium,<a href="http://en.wikipedia.org/wiki/Belgium" title="Belgium">Belgium</a>,10_839_905,8_261_661,<img alt="" src="//upload.wikimedia.org/wikipedia/commons/thumb/9/92/Flag_of_Belgium_%28civil%29.svg/22px-Flag_of_Belgium_%28civil%29.svg.png" width="22" height="15">
Belize,<a href="http://en.wikipedia.org/wiki/Belize" title="Belize">Belize</a>,312_698,44_033,<img alt="" src="//upload.wikimedia.org/wikipedia/commons/thumb/e/e7/Flag_of_Belize.svg/22px-Flag_of_Belize.svg.png" width="22" height="15">
Benin,<a href="http://en.wikipedia.org/wiki/Benin" title="Benin">Benin</a>,9_100_000,283_453,<img alt="" src="//upload.wikimedia.org/wikipedia/commons/thumb/0/0a/Flag_of_Benin.svg/22px-Flag_of_Benin.svg.png" width="22" height="15">
Bermuda,<a href="http://en.wikipedia.org/wiki/Bermuda" title="Bermuda">Bermuda</a>,64_186,57_486,<img alt="" src="//upload.wikimedia.org/wikipedia/commons/thumb/b/bf/Flag_of_Bermuda.svg/22px-Flag_of_Bermuda.svg.png" width="22" height="11">
Bhutan,<a href="http://en.wikipedia.org/wiki/Bhutan" title="Bhutan">Bhutan</a>,708_265,95_179,<img alt="" src="//upload.wikimedia.org/wikipedia/commons/thumb/9/91/Flag_of_Bhutan.svg/22px-Flag_of_Bhutan.svg.png" width="22" height="15">
Bolivia,<a href="http://en.wikipedia.org/wiki/Bolivia" title="Bolivia">Bolivia</a>,10_426_154,1_989_484,<img alt="" src="//upload.wikimedia.org/wikipedia/commons/thumb/4/48/Flag_of_Bolivia.svg/22px-Flag_of_Bolivia.svg.png" width="22" height="15">
Bosnia and Herzegovina,<a href="http://en.wikipedia.org/wiki/Bosnia_and_Herzegovina" title="Bosnia and Herzegovina">Bosnia and Herzegovina</a>,3_843_126,2_403_231,<img alt="" src="//upload.wikimedia.org/wikipedia/commons/thumb/b/bf/Flag_of_Bosnia_and_Herzegovina.svg/22px-Flag_of_Bosnia_and_Herzegovina.svg.png" width="22" height="11">
Botswana,<a href="http://en.wikipedia.org/wiki/Botswana" title="Botswana">Botswana</a>,2_031_000,121_758,<img alt="" src="//upload.wikimedia.org/wikipedia/commons/thumb/f/fa/Flag_of_Botswana.svg/22px-Flag_of_Botswana.svg.png" width="22" height="15">
Brazil,<a href="http://en.wikipedia.org/wiki/Brazil" title="Brazil">Brazil</a>,190_755_799,81_748_504,<img alt="" src="//upload.wikimedia.org/wikipedia/en/thumb/0/05/Flag_of_Brazil.svg/22px-Flag_of_Brazil.svg.png" width="22" height="15">
British Virgin Islands,<a href="http://en.wikipedia.org/wiki/British_Virgin_Islands" title="British Virgin Islands">British Virgin Islands</a>,28_213,connected,<img alt="" src="//upload.wikimedia.org/wikipedia/commons/thumb/4/42/Flag_of_the_British_Virgin_Islands.svg/22px-Flag_of_the_British_Virgin_Islands.svg.png" width="22" height="11">
Brunei,<a href="http://en.wikipedia.org/wiki/Brunei" title="Brunei">Brunei</a>,422_700,197_514,<img alt="" src="//upload.wikimedia.org/wikipedia/commons/thumb/9/9c/Flag_of_Brunei.svg/22px-Flag_of_Brunei.svg.png" width="22" height="11">
Bulgaria,<a href="http://en.wikipedia.org/wiki/Bulgaria" title="Bulgaria">Bulgaria</a>,7_364_570,3_304_883,<img alt="" src="//upload.wikimedia.org/wikipedia/commons/thumb/9/9a/Flag_of_Bulgaria.svg/22px-Flag_of_Bulgaria.svg.png" width="22" height="13">
Burkina Faso,<a href="http://en.wikipedia.org/wiki/Burkina_Faso" title="Burkina Faso">Burkina Faso</a>,15_730_977,227_385,<img alt="" src="//upload.wikimedia.org/wikipedia/commons/thumb/3/31/Flag_of_Burkina_Faso.svg/22px-Flag_of_Burkina_Faso.svg.png" width="22" height="15">
Burundi,<a href="http://en.wikipedia.org/wiki/Burundi" title="Burundi">Burundi</a>,8_575_000,207_125,<img alt="" src="//upload.wikimedia.org/wikipedia/commons/thumb/5/50/Flag_of_Burundi.svg/22px-Flag_of_Burundi.svg.png" width="22" height="13">
Cambodia,<a href="http://en.wikipedia.org/wiki/Cambodia" title="Cambodia">Cambodia</a>,13_395_682,182_116,<img alt="" src="//upload.wikimedia.org/wikipedia/commons/thumb/8/83/Flag_of_Cambodia.svg/22px-Flag_of_Cambodia.svg.png" width="22" height="15">
Cameroon,<a href="http://en.wikipedia.org/wiki/Cameroon" title="Cameroon">Cameroon</a>,19_406_100,771_766,<img alt="" src="//upload.wikimedia.org/wikipedia/commons/thumb/4/4f/Flag_of_Cameroon.svg/22px-Flag_of_Cameroon.svg.png" width="22" height="15">
Canada,<a href="http://en.wikipedia.org/wiki/Canada" title="Canada">Canada</a>,34_482_779,27_547_949,<img alt="" src="//upload.wikimedia.org/wikipedia/en/thumb/c/cf/Flag_of_Canada.svg/22px-Flag_of_Canada.svg.png" width="22" height="11">
Cape Verde,<a href="http://en.wikipedia.org/wiki/Cape_Verde" title="Cape Verde">Cape Verde</a>,491_575,152_598,<img alt="" src="//upload.wikimedia.org/wikipedia/commons/thumb/3/38/Flag_of_Cape_Verde.svg/22px-Flag_of_Cape_Verde.svg.png" width="22" height="13">
Cayman Islands,<a href="http://en.wikipedia.org/wiki/Cayman_Islands" title="Cayman Islands">Cayman Islands</a>,54_878,33_138,<img alt="" src="//upload.wikimedia.org/wikipedia/commons/thumb/0/0f/Flag_of_the_Cayman_Islands.svg/22px-Flag_of_the_Cayman_Islands.svg.png" width="22" height="11">
Central African Republic,<a href="http://en.wikipedia.org/wiki/Central_African_Republic" title="Central African Republic">Central African Republic</a>,4_487_000,111_433,<img alt="" src="//upload.wikimedia.org/wikipedia/commons/thumb/6/6f/Flag_of_the_Central_African_Republic.svg/22px-Flag_of_the_Central_African_Republic.svg.png" width="22" height="15">
Chad,<a href="http://en.wikipedia.org/wiki/Chad" title="Chad">Chad</a>,11_274_106,179_239,<img alt="" src="//upload.wikimedia.org/wikipedia/commons/thumb/4/4b/Flag_of_Chad.svg/22px-Flag_of_Chad.svg.png" width="22" height="15">
Chile,<a href="http://en.wikipedia.org/wiki/Chile" title="Chile">Chile</a>,17_248_450,7_535_921,<img alt="" src="//upload.wikimedia.org/wikipedia/commons/thumb/7/78/Flag_of_Chile.svg/22px-Flag_of_Chile.svg.png" width="22" height="15">
China,<a href="http://en.wikipedia.org/wiki/China" title="China">China</a>,1_339_724_852,456_238_464,<img alt="" src="//upload.wikimedia.org/wikipedia/commons/thumb/f/fa/Flag_of_the_People%27s_Republic_of_China.svg/22px-Flag_of_the_People%27s_Republic_of_China.svg.png" width="22" height="15">
Colombia,<a href="http://en.wikipedia.org/wiki/Colombia" title="Colombia">Colombia</a>,46_246_000,16_134_932,<img alt="" src="//upload.wikimedia.org/wikipedia/commons/thumb/2/21/Flag_of_Colombia.svg/22px-Flag_of_Colombia.svg.png" width="22" height="15">
Comoros,<a href="http://en.wikipedia.org/wiki/Comoros" title="Comoros">Comoros</a>,754_000,36_012,<img alt="" src="//upload.wikimedia.org/wikipedia/commons/thumb/9/94/Flag_of_the_Comoros.svg/22px-Flag_of_the_Comoros.svg.png" width="22" height="13">
Cook Islands,<a href="http://en.wikipedia.org/wiki/Cook_Islands" title="Cook Islands">Cook Islands</a>,10_900,4_102,<img alt="" src="//upload.wikimedia.org/wikipedia/commons/thumb/3/35/Flag_of_the_Cook_Islands.svg/22px-Flag_of_the_Cook_Islands.svg.png" width="22" height="11">
Costa Rica,<a href="http://en.wikipedia.org/wiki/Costa_Rica" title="Costa Rica">Costa Rica</a>,4_563_539,1_648_420,<img alt="" src="//upload.wikimedia.org/wikipedia/commons/thumb/f/f2/Flag_of_Costa_Rica.svg/22px-Flag_of_Costa_Rica.svg.png" width="22" height="13">
Croatia,<a href="http://en.wikipedia.org/wiki/Croatia" title="Croatia">Croatia</a>,4_456_096,2_706_487,<img alt="" src="//upload.wikimedia.org/wikipedia/commons/thumb/1/1b/Flag_of_Croatia.svg/22px-Flag_of_Croatia.svg.png" width="22" height="11">
Cuba,<a href="http://en.wikipedia.org/wiki/Cuba" title="Cuba">Cuba</a>,11_241_161,1_678_080,<img alt="" src="//upload.wikimedia.org/wikipedia/commons/thumb/b/bd/Flag_of_Cuba.svg/22px-Flag_of_Cuba.svg.png" width="22" height="11">
Curaçao,<a href="http://en.wikipedia.org/wiki/Cura%C3%A7ao" title="Curaçao">Curaçao</a>,142_180,connected,<img alt="" src="//upload.wikimedia.org/wikipedia/commons/thumb/b/b1/Flag_of_Cura%C3%A7ao.svg/22px-Flag_of_Cura%C3%A7ao.svg.png" width="22" height="15">
Cyprus,<a href="http://en.wikipedia.org/wiki/Cyprus" title="Cyprus">Cyprus</a>,803_200,584_309,<img alt="" src="//upload.wikimedia.org/wikipedia/commons/thumb/d/d4/Flag_of_Cyprus.svg/22px-Flag_of_Cyprus.svg.png" width="22" height="13">
Czech Republic,<a href="http://en.wikipedia.org/wiki/Czech_Republic" title="Czech Republic">Czech Republic</a>,10_542_080,7_020_815,<img alt="" src="//upload.wikimedia.org/wikipedia/commons/thumb/c/cb/Flag_of_the_Czech_Republic.svg/22px-Flag_of_the_Czech_Republic.svg.png" width="22" height="15">
Côte d'Ivoire,<a href="http://en.wikipedia.org/wiki/C%C3%B4te_d%27Ivoire" title="Côte d'Ivoire">Côte d'Ivoire</a>,21_395_000,547_529,<img alt="" src="//upload.wikimedia.org/wikipedia/commons/thumb/8/86/Flag_of_Cote_d%27Ivoire.svg/22px-Flag_of_Cote_d%27Ivoire.svg.png" width="22" height="15">
Democratic Republic of the Congo,<a href="http://en.wikipedia.org/wiki/Democratic_Republic_of_the_Congo" title="Democratic Republic of the Congo">Democratic Republic of the Congo</a>,67_758_000,connected,<img alt="" src="//upload.wikimedia.org/wikipedia/commons/thumb/6/6f/Flag_of_the_Democratic_Republic_of_the_Congo.svg/22px-Flag_of_the_Democratic_Republic_of_the_Congo.svg.png" width="22" height="17">
Denmark,<a href="http://en.wikipedia.org/wiki/Denmark" title="Denmark">Denmark</a>,5_579_204,4_893_418,<img alt="" src="//upload.wikimedia.org/wikipedia/commons/thumb/9/9c/Flag_of_Denmark.svg/22px-Flag_of_Denmark.svg.png" width="22" height="17">
Djibouti,<a href="http://en.wikipedia.org/wiki/Djibouti" title="Djibouti">Djibouti</a>,818_159,48_134,<img alt="" src="//upload.wikimedia.org/wikipedia/commons/thumb/3/34/Flag_of_Djibouti.svg/22px-Flag_of_Djibouti.svg.png" width="22" height="15">
Dominica,<a href="http://en.wikipedia.org/wiki/Dominica" title="Dominica">Dominica</a>,71_685,34_550,<img alt="" src="//upload.wikimedia.org/wikipedia/commons/thumb/c/c4/Flag_of_Dominica.svg/22px-Flag_of_Dominica.svg.png" width="22" height="11">
Dominican Republic,<a href="http://en.wikipedia.org/wiki/Dominican_Republic" title="Dominican Republic">Dominican Republic</a>,9_378_818,3_883_356,<img alt="" src="//upload.wikimedia.org/wikipedia/commons/thumb/9/9f/Flag_of_the_Dominican_Republic.svg/22px-Flag_of_the_Dominican_Republic.svg.png" width="22" height="14">
Ecuador,<a href="http://en.wikipedia.org/wiki/Ecuador" title="Ecuador">Ecuador</a>,14_483_499,3_549_746,<img alt="" src="//upload.wikimedia.org/wikipedia/commons/thumb/e/e8/Flag_of_Ecuador.svg/22px-Flag_of_Ecuador.svg.png" width="22" height="15">
Egypt,<a href="http://en.wikipedia.org/wiki/Egypt" title="Egypt">Egypt</a>,81_092_000,21_518_178,<img alt="" src="//upload.wikimedia.org/wikipedia/commons/thumb/f/fe/Flag_of_Egypt.svg/22px-Flag_of_Egypt.svg.png" width="22" height="15">
El Salvador,<a href="http://en.wikipedia.org/wiki/El_Salvador" title="El Salvador">El Salvador</a>,6_227_000,907_810,<img alt="" src="//upload.wikimedia.org/wikipedia/commons/thumb/3/34/Flag_of_El_Salvador.svg/22px-Flag_of_El_Salvador.svg.png" width="22" height="12">
Equatorial Guinea,<a href="http://en.wikipedia.org/wiki/Equatorial_Guinea" title="Equatorial Guinea">Equatorial Guinea</a>,720_000,39_042,<img alt="" src="//upload.wikimedia.org/wikipedia/commons/thumb/3/31/Flag_of_Equatorial_Guinea.svg/22px-Flag_of_Equatorial_Guinea.svg.png" width="22" height="15">
Eritrea,<a href="http://en.wikipedia.org/wiki/Eritrea" title="Eritrea">Eritrea</a>,5_415_000,312_821,<img alt="" src="//upload.wikimedia.org/wikipedia/commons/thumb/2/29/Flag_of_Eritrea.svg/22px-Flag_of_Eritrea.svg.png" width="22" height="11">
Estonia,<a href="http://en.wikipedia.org/wiki/Estonia" title="Estonia">Estonia</a>,1_340_194,956_757,<img alt="" src="//upload.wikimedia.org/wikipedia/commons/thumb/8/8f/Flag_of_Estonia.svg/22px-Flag_of_Estonia.svg.png" width="22" height="14">
Ethiopia,<a href="http://en.wikipedia.org/wiki/Ethiopia" title="Ethiopia">Ethiopia</a>,82_101_998,660_101,<img alt="" src="//upload.wikimedia.org/wikipedia/commons/thumb/7/71/Flag_of_Ethiopia.svg/22px-Flag_of_Ethiopia.svg.png" width="22" height="11">
Falkland Islands,<a href="http://en.wikipedia.org/wiki/Falkland_Islands" title="Falkland Islands">Falkland Islands</a>,3_000,2_875,<img alt="" src="//upload.wikimedia.org/wikipedia/commons/thumb/8/83/Flag_of_the_Falkland_Islands.svg/22px-Flag_of_the_Falkland_Islands.svg.png" width="22" height="11">
Faroe Islands,<a href="http://en.wikipedia.org/wiki/Faroe_Islands" title="Faroe Islands">Faroe Islands</a>,48_738,36_842,<img alt="" src="//upload.wikimedia.org/wikipedia/commons/thumb/3/3c/Flag_of_the_Faroe_Islands.svg/22px-Flag_of_the_Faroe_Islands.svg.png" width="22" height="16">
Federated States of Micronesia,<a href="http://en.wikipedia.org/wiki/Federated_States_of_Micronesia" title="Federated States of Micronesia">Federated States of Micronesia</a>,102_624,connected,<img alt="" src="//upload.wikimedia.org/wikipedia/commons/thumb/e/e4/Flag_of_the_Federated_States_of_Micronesia.svg/22px-Flag_of_the_Federated_States_of_Micronesia.svg.png" width="22" height="12">
Fiji,<a href="http://en.wikipedia.org/wiki/Fiji" title="Fiji">Fiji</a>,868_000,129_821,<img alt="" src="//upload.wikimedia.org/wikipedia/commons/thumb/b/ba/Flag_of_Fiji.svg/22px-Flag_of_Fiji.svg.png" width="22" height="11">
Finland,<a href="http://en.wikipedia.org/wiki/Finland" title="Finland">Finland</a>,5_394_389,4_566_129,<img alt="" src="//upload.wikimedia.org/wikipedia/commons/thumb/b/bc/Flag_of_Finland.svg/22px-Flag_of_Finland.svg.png" width="22" height="13">
France,<a href="http://en.wikipedia.org/wiki/France" title="France">France</a>,65_821_885,51_879_480,<img alt="" src="//upload.wikimedia.org/wikipedia/en/thumb/c/c3/Flag_of_France.svg/22px-Flag_of_France.svg.png" width="22" height="15">
French Guiana,<a href="http://en.wikipedia.org/wiki/French_Guiana" title="French Guiana">French Guiana</a>,219_266,connected,<img alt="" src="//upload.wikimedia.org/wikipedia/en/thumb/c/c3/Flag_of_France.svg/22px-Flag_of_France.svg.png" width="22" height="15">
French Polynesia,<a href="http://en.wikipedia.org/wiki/French_Polynesia" title="French Polynesia">French Polynesia</a>,274_000,131_724,<img alt="" src="//upload.wikimedia.org/wikipedia/commons/thumb/d/db/Flag_of_French_Polynesia.svg/22px-Flag_of_French_Polynesia.svg.png" width="22" height="15">
Gabon,<a href="http://en.wikipedia.org/wiki/Gabon" title="Gabon">Gabon</a>,1_534_000,111_722,<img alt="" src="//upload.wikimedia.org/wikipedia/commons/thumb/0/04/Flag_of_Gabon.svg/22px-Flag_of_Gabon.svg.png" width="22" height="17">
Gambia,<a href="http://en.wikipedia.org/wiki/The_Gambia" title="The Gambia">Gambia</a>,1_776_000,connected,<img alt="" src="//upload.wikimedia.org/wikipedia/commons/thumb/7/77/Flag_of_The_Gambia.svg/22px-Flag_of_The_Gambia.svg.png" width="22" height="15">
Georgia,<a href="http://en.wikipedia.org/wiki/Georgia_(country)" title="Georgia (country)">Georgia</a>,4_469_200,1_242_223,<img alt="" src="//upload.wikimedia.org/wikipedia/commons/thumb/0/0f/Flag_of_Georgia.svg/22px-Flag_of_Georgia.svg.png" width="22" height="15">
Germany,<a href="http://en.wikipedia.org/wiki/Germany" title="Germany">Germany</a>,81_729_000,66_825_986,<img alt="" src="//upload.wikimedia.org/wikipedia/en/thumb/b/ba/Flag_of_Germany.svg/22px-Flag_of_Germany.svg.png" width="22" height="13">
Ghana,<a href="http://en.wikipedia.org/wiki/Ghana" title="Ghana">Ghana</a>,24_233_431,2_081_056,<img alt="" src="//upload.wikimedia.org/wikipedia/commons/thumb/1/19/Flag_of_Ghana.svg/22px-Flag_of_Ghana.svg.png" width="22" height="15">
Gibraltar,<a href="http://en.wikipedia.org/wiki/Gibraltar" title="Gibraltar">Gibraltar</a>,29_441,connected,<img alt="" src="//upload.wikimedia.org/wikipedia/commons/thumb/0/02/Flag_of_Gibraltar.svg/22px-Flag_of_Gibraltar.svg.png" width="22" height="11">
Greece,<a href="http://en.wikipedia.org/wiki/Greece" title="Greece">Greece</a>,10_787_690,4_772_975,<img alt="" src="//upload.wikimedia.org/wikipedia/commons/thumb/5/5c/Flag_of_Greece.svg/22px-Flag_of_Greece.svg.png" width="22" height="15">
Greenland,<a href="http://en.wikipedia.org/wiki/Greenland" title="Greenland">Greenland</a>,56_890,36_311,<img alt="" src="//upload.wikimedia.org/wikipedia/commons/thumb/0/09/Flag_of_Greenland.svg/22px-Flag_of_Greenland.svg.png" width="22" height="15">
Grenada,<a href="http://en.wikipedia.org/wiki/Grenada" title="Grenada">Grenada</a>,110_821,36_076,<img alt="" src="//upload.wikimedia.org/wikipedia/commons/thumb/b/bc/Flag_of_Grenada.svg/22px-Flag_of_Grenada.svg.png" width="22" height="13">
Guadeloupe,<a href="http://en.wikipedia.org/wiki/Guadeloupe" title="Guadeloupe">Guadeloupe</a>,401_784,connected,<img alt="" src="//upload.wikimedia.org/wikipedia/en/thumb/c/c3/Flag_of_France.svg/22px-Flag_of_France.svg.png" width="22" height="15">
Guam,<a href="http://en.wikipedia.org/wiki/Guam" title="Guam">Guam</a>,159_358,connected,<img alt="" src="//upload.wikimedia.org/wikipedia/commons/thumb/0/07/Flag_of_Guam.svg/22px-Flag_of_Guam.svg.png" width="22" height="12">
Guatemala,<a href="http://en.wikipedia.org/wiki/Guatemala" title="Guatemala">Guatemala</a>,14_713_763,1_422_796,<img alt="" src="//upload.wikimedia.org/wikipedia/commons/thumb/e/ec/Flag_of_Guatemala.svg/22px-Flag_of_Guatemala.svg.png" width="22" height="14">
Guernsey,<a href="http://en.wikipedia.org/wiki/Guernsey" title="Guernsey">Guernsey</a>,62_431,connected,<img alt="" src="//upload.wikimedia.org/wikipedia/commons/thumb/f/fa/Flag_of_Guernsey.svg/22px-Flag_of_Guernsey.svg.png" width="22" height="15">
Guinea,<a href="http://en.wikipedia.org/wiki/Guinea" title="Guinea">Guinea</a>,10_217_591,99_111,<img alt="" src="//upload.wikimedia.org/wikipedia/commons/thumb/e/ed/Flag_of_Guinea.svg/22px-Flag_of_Guinea.svg.png" width="22" height="15">
Guinea-Bissau,<a href="http://en.wikipedia.org/wiki/Guinea-Bissau" title="Guinea-Bissau">Guinea-Bissau</a>,1_520_830,38_346,<img alt="" src="//upload.wikimedia.org/wikipedia/commons/thumb/0/01/Flag_of_Guinea-Bissau.svg/22px-Flag_of_Guinea-Bissau.svg.png" width="22" height="11">
Guyana,<a href="http://en.wikipedia.org/wiki/Guyana" title="Guyana">Guyana</a>,784_894,223_797,<img alt="" src="//upload.wikimedia.org/wikipedia/commons/thumb/9/99/Flag_of_Guyana.svg/22px-Flag_of_Guyana.svg.png" width="22" height="13">
Haiti,<a href="http://en.wikipedia.org/wiki/Haiti" title="Haiti">Haiti</a>,10_085_214,807_615,<img alt="" src="//upload.wikimedia.org/wikipedia/commons/thumb/5/56/Flag_of_Haiti.svg/22px-Flag_of_Haiti.svg.png" width="22" height="13">
Honduras,<a href="http://en.wikipedia.org/wiki/Honduras" title="Honduras">Honduras</a>,8_215_313,886_026,<img alt="" src="//upload.wikimedia.org/wikipedia/commons/thumb/8/82/Flag_of_Honduras.svg/22px-Flag_of_Honduras.svg.png" width="22" height="11">
Hong Kong,<a href="http://en.wikipedia.org/wiki/Hong_Kong" title="Hong Kong">Hong Kong</a>,7_108_100,4_920_255,<img alt="" src="//upload.wikimedia.org/wikipedia/commons/thumb/5/5b/Flag_of_Hong_Kong.svg/22px-Flag_of_Hong_Kong.svg.png" width="22" height="15">
Hungary,<a href="http://en.wikipedia.org/wiki/Hungary" title="Hungary">Hungary</a>,9_985_722,6_522_000,<img alt="" src="//upload.wikimedia.org/wikipedia/commons/thumb/c/c1/Flag_of_Hungary.svg/22px-Flag_of_Hungary.svg.png" width="22" height="11">
Iceland,<a href="http://en.wikipedia.org/wiki/Iceland" title="Iceland">Iceland</a>,318_452,293_465,<img alt="" src="//upload.wikimedia.org/wikipedia/commons/thumb/c/ce/Flag_of_Iceland.svg/22px-Flag_of_Iceland.svg.png" width="22" height="16">
India,<a href="http://en.wikipedia.org/wiki/India" title="India">India</a>,1_210_193_422,87_983_101,<img alt="" src="//upload.wikimedia.org/wikipedia/en/thumb/4/41/Flag_of_India.svg/22px-Flag_of_India.svg.png" width="22" height="15">
Indonesia,<a href="http://en.wikipedia.org/wiki/Indonesia" title="Indonesia">Indonesia</a>,237_641_326,22_110_119,<img alt="" src="//upload.wikimedia.org/wikipedia/commons/thumb/9/9f/Flag_of_Indonesia.svg/22px-Flag_of_Indonesia.svg.png" width="22" height="15">
Iran,<a href="http://en.wikipedia.org/wiki/Iran" title="Iran">Iran</a>,75_823_000,10_000_029,<img alt="" src="//upload.wikimedia.org/wikipedia/commons/thumb/c/ca/Flag_of_Iran.svg/22px-Flag_of_Iran.svg.png" width="22" height="13">
Iraq,<a href="http://en.wikipedia.org/wiki/Iraq" title="Iraq">Iraq</a>,32_105_000,1_661_610,<img alt="" src="//upload.wikimedia.org/wikipedia/commons/thumb/f/f6/Flag_of_Iraq.svg/22px-Flag_of_Iraq.svg.png" width="22" height="15">
Ireland,<a href="http://en.wikipedia.org/wiki/Republic_of_Ireland" title="Republic of Ireland">Ireland</a>,4_581_269,3_229_108,<img alt="" src="//upload.wikimedia.org/wikipedia/commons/thumb/4/45/Flag_of_Ireland.svg/22px-Flag_of_Ireland.svg.png" width="22" height="11">
Isle of Man,<a href="http://en.wikipedia.org/wiki/Isle_of_Man" title="Isle of Man">Isle of Man</a>,83_000,connected,<img alt="" src="//upload.wikimedia.org/wikipedia/commons/thumb/b/bc/Flag_of_the_Isle_of_Man.svg/22px-Flag_of_the_Isle_of_Man.svg.png" width="22" height="11">
Israel,<a href="http://en.wikipedia.org/wiki/Israel" title="Israel">Israel</a>,7_798_600,4_941_878,<img alt="" src="//upload.wikimedia.org/wikipedia/commons/thumb/d/d4/Flag_of_Israel.svg/22px-Flag_of_Israel.svg.png" width="22" height="16">
Italy,<a href="http://en.wikipedia.org/wiki/Italy" title="Italy">Italy</a>,60_705_991,32_610_044,<img alt="" src="//upload.wikimedia.org/wikipedia/en/thumb/0/03/Flag_of_Italy.svg/22px-Flag_of_Italy.svg.png" width="22" height="15">
Jamaica,<a href="http://en.wikipedia.org/wiki/Jamaica" title="Jamaica">Jamaica</a>,2_705_800,743_128,<img alt="" src="//upload.wikimedia.org/wikipedia/commons/thumb/0/0a/Flag_of_Jamaica.svg/22px-Flag_of_Jamaica.svg.png" width="22" height="11">
Japan,<a href="http://en.wikipedia.org/wiki/Japan" title="Japan">Japan</a>,127_720_000,102_063_316,<img alt="" src="//upload.wikimedia.org/wikipedia/en/thumb/9/9e/Flag_of_Japan.svg/22px-Flag_of_Japan.svg.png" width="22" height="15">
Jersey,<a href="http://en.wikipedia.org/wiki/Jersey" title="Jersey">Jersey</a>,92_500,connected,<img alt="" src="//upload.wikimedia.org/wikipedia/commons/thumb/1/1c/Flag_of_Jersey.svg/22px-Flag_of_Jersey.svg.png" width="22" height="13">
Jordan,<a href="http://en.wikipedia.org/wiki/Jordan" title="Jordan">Jordan</a>,6_230_900,2_434_692,<img alt="" src="//upload.wikimedia.org/wikipedia/commons/thumb/c/c0/Flag_of_Jordan.svg/22px-Flag_of_Jordan.svg.png" width="22" height="11">
Kazakhstan,<a href="http://en.wikipedia.org/wiki/Kazakhstan" title="Kazakhstan">Kazakhstan</a>,16_615_000,5_808_838,<img alt="" src="//upload.wikimedia.org/wikipedia/commons/thumb/d/d3/Flag_of_Kazakhstan.svg/22px-Flag_of_Kazakhstan.svg.png" width="22" height="11">
Kenya,<a href="http://en.wikipedia.org/wiki/Kenya" title="Kenya">Kenya</a>,38_610_097,8_568_890,<img alt="" src="//upload.wikimedia.org/wikipedia/commons/thumb/4/49/Flag_of_Kenya.svg/22px-Flag_of_Kenya.svg.png" width="22" height="15">
Kiribati,<a href="http://en.wikipedia.org/wiki/Kiribati" title="Kiribati">Kiribati</a>,101_000,8_953,<img alt="" src="//upload.wikimedia.org/wikipedia/commons/thumb/d/d3/Flag_of_Kiribati.svg/22px-Flag_of_Kiribati.svg.png" width="22" height="11">
Kuwait,<a href="http://en.wikipedia.org/wiki/Kuwait" title="Kuwait">Kuwait</a>,2_818_000,972_763,<img alt="" src="//upload.wikimedia.org/wikipedia/commons/thumb/a/aa/Flag_of_Kuwait.svg/22px-Flag_of_Kuwait.svg.png" width="22" height="11">
Kyrgyzstan,<a href="http://en.wikipedia.org/wiki/Kyrgyzstan" title="Kyrgyzstan">Kyrgyzstan</a>,5_477_600,1_101_725,<img alt="" src="//upload.wikimedia.org/wikipedia/commons/thumb/c/c7/Flag_of_Kyrgyzstan.svg/22px-Flag_of_Kyrgyzstan.svg.png" width="22" height="13">
Laos,<a href="http://en.wikipedia.org/wiki/Laos" title="Laos">Laos</a>,6_348_800,445_771,<img alt="" src="//upload.wikimedia.org/wikipedia/commons/thumb/5/56/Flag_of_Laos.svg/22px-Flag_of_Laos.svg.png" width="22" height="15">
Latvia,<a href="http://en.wikipedia.org/wiki/Latvia" title="Latvia">Latvia</a>,2_209_000,1_517_534,<img alt="" src="//upload.wikimedia.org/wikipedia/commons/thumb/8/84/Flag_of_Latvia.svg/22px-Flag_of_Latvia.svg.png" width="22" height="11">
Lebanon,<a href="http://en.wikipedia.org/wiki/Lebanon" title="Lebanon">Lebanon</a>,4_259_000,1_278_827,<img alt="" src="//upload.wikimedia.org/wikipedia/commons/thumb/5/59/Flag_of_Lebanon.svg/22px-Flag_of_Lebanon.svg.png" width="22" height="15">
Lesotho,<a href="http://en.wikipedia.org/wiki/Lesotho" title="Lesotho">Lesotho</a>,2_194_000,74_095,<img alt="" src="//upload.wikimedia.org/wikipedia/commons/thumb/4/4a/Flag_of_Lesotho.svg/22px-Flag_of_Lesotho.svg.png" width="22" height="15">
Liberia,<a href="http://en.wikipedia.org/wiki/Liberia" title="Liberia">Liberia</a>,3_476_608,2_580,<img alt="" src="//upload.wikimedia.org/wikipedia/commons/thumb/b/b8/Flag_of_Liberia.svg/22px-Flag_of_Liberia.svg.png" width="22" height="12">
Libya,<a href="http://en.wikipedia.org/wiki/Libya" title="Libya">Libya</a>,6_423_000,904_604,<img alt="" src="//upload.wikimedia.org/wikipedia/commons/thumb/0/05/Flag_of_Libya.svg/22px-Flag_of_Libya.svg.png" width="22" height="11">
Liechtenstein,<a href="http://en.wikipedia.org/wiki/Liechtenstein" title="Liechtenstein">Liechtenstein</a>,36_157,28_910,<img alt="" src="//upload.wikimedia.org/wikipedia/commons/thumb/4/47/Flag_of_Liechtenstein.svg/22px-Flag_of_Liechtenstein.svg.png" width="22" height="13">
Lithuania,<a href="http://en.wikipedia.org/wiki/Lithuania" title="Lithuania">Lithuania</a>,3_207_100,2_202_352,<img alt="" src="//upload.wikimedia.org/wikipedia/commons/thumb/1/11/Flag_of_Lithuania.svg/22px-Flag_of_Lithuania.svg.png" width="22" height="13">
Luxembourg,<a href="http://en.wikipedia.org/wiki/Luxembourg" title="Luxembourg">Luxembourg</a>,511_840,450_869,<img alt="" src="//upload.wikimedia.org/wikipedia/commons/thumb/d/da/Flag_of_Luxembourg.svg/22px-Flag_of_Luxembourg.svg.png" width="22" height="13">
Macau,<a href="http://en.wikipedia.org/wiki/Macau" title="Macau">Macau</a>,560_100,322_600,<img alt="" src="//upload.wikimedia.org/wikipedia/commons/thumb/6/63/Flag_of_Macau.svg/22px-Flag_of_Macau.svg.png" width="22" height="15">
Macedonia,<a href="http://en.wikipedia.org/wiki/Republic_of_Macedonia" title="Republic of Macedonia">Macedonia</a>,2_057_284,connected,<img alt="" src="//upload.wikimedia.org/wikipedia/commons/thumb/f/f8/Flag_of_Macedonia.svg/22px-Flag_of_Macedonia.svg.png" width="22" height="11">
Madagascar,<a href="http://en.wikipedia.org/wiki/Madagascar" title="Madagascar">Madagascar</a>,18_866_000,361_791,<img alt="" src="//upload.wikimedia.org/wikipedia/commons/thumb/b/bc/Flag_of_Madagascar.svg/22px-Flag_of_Madagascar.svg.png" width="22" height="15">
Malawi,<a href="http://en.wikipedia.org/wiki/Malawi" title="Malawi">Malawi</a>,13_077_160,349_114,<img alt="" src="//upload.wikimedia.org/wikipedia/commons/thumb/d/d1/Flag_of_Malawi.svg/22px-Flag_of_Malawi.svg.png" width="22" height="15">
Malaysia,<a href="http://en.wikipedia.org/wiki/Malaysia" title="Malaysia">Malaysia</a>,28_334_135,15_635_925,<img alt="" src="//upload.wikimedia.org/wikipedia/commons/thumb/6/66/Flag_of_Malaysia.svg/22px-Flag_of_Malaysia.svg.png" width="22" height="11">
Maldives,<a href="http://en.wikipedia.org/wiki/Maldives" title="Maldives">Maldives</a>,317_280,111_969,<img alt="" src="//upload.wikimedia.org/wikipedia/commons/thumb/0/0f/Flag_of_Maldives.svg/22px-Flag_of_Maldives.svg.png" width="22" height="15">
Mali,<a href="http://en.wikipedia.org/wiki/Mali" title="Mali">Mali</a>,14_517_176,372_502,<img alt="" src="//upload.wikimedia.org/wikipedia/commons/thumb/9/92/Flag_of_Mali.svg/22px-Flag_of_Mali.svg.png" width="22" height="15">
Malta,<a href="http://en.wikipedia.org/wiki/Malta" title="Malta">Malta</a>,417_617,256_266,<img alt="" src="//upload.wikimedia.org/wikipedia/commons/thumb/7/73/Flag_of_Malta.svg/22px-Flag_of_Malta.svg.png" width="22" height="15">
Marshall Islands,<a href="http://en.wikipedia.org/wiki/Marshall_Islands" title="Marshall Islands">Marshall Islands</a>,54_305,connected,<img alt="" src="//upload.wikimedia.org/wikipedia/commons/thumb/2/2e/Flag_of_the_Marshall_Islands.svg/22px-Flag_of_the_Marshall_Islands.svg.png" width="22" height="12">
Martinique,<a href="http://en.wikipedia.org/wiki/Martinique" title="Martinique">Martinique</a>,397_693,connected,<img alt="" src="//upload.wikimedia.org/wikipedia/en/thumb/c/c3/Flag_of_France.svg/22px-Flag_of_France.svg.png" width="22" height="15">
Mauritania,<a href="http://en.wikipedia.org/wiki/Mauritania" title="Mauritania">Mauritania</a>,3_340_627,96_152,<img alt="" src="//upload.wikimedia.org/wikipedia/commons/thumb/4/43/Flag_of_Mauritania.svg/22px-Flag_of_Mauritania.svg.png" width="22" height="15">
Mauritius,<a href="http://en.wikipedia.org/wiki/Mauritius" title="Mauritius">Mauritius</a>,1_280_924,322_232,<img alt="" src="//upload.wikimedia.org/wikipedia/commons/thumb/7/77/Flag_of_Mauritius.svg/22px-Flag_of_Mauritius.svg.png" width="22" height="15">
Mayotte,<a href="http://en.wikipedia.org/wiki/Mayotte" title="Mayotte">Mayotte</a>,211_000,connected,<img alt="" src="//upload.wikimedia.org/wikipedia/en/thumb/c/c3/Flag_of_France.svg/22px-Flag_of_France.svg.png" width="22" height="15">
Mexico,<a href="http://en.wikipedia.org/wiki/Mexico" title="Mexico">Mexico</a>,112_336_538,34_865_345,<img alt="" src="//upload.wikimedia.org/wikipedia/commons/thumb/f/fc/Flag_of_Mexico.svg/22px-Flag_of_Mexico.svg.png" width="22" height="13">
Moldova,<a href="http://en.wikipedia.org/wiki/Moldova" title="Moldova">Moldova</a>,3_560_400,1_492_720,<img alt="" src="//upload.wikimedia.org/wikipedia/commons/thumb/2/27/Flag_of_Moldova.svg/22px-Flag_of_Moldova.svg.png" width="22" height="11">
Monaco,<a href="http://en.wikipedia.org/wiki/Monaco" title="Monaco">Monaco</a>,35_000,24_469,<img alt="" src="//upload.wikimedia.org/wikipedia/commons/thumb/e/ea/Flag_of_Monaco.svg/22px-Flag_of_Monaco.svg.png" width="22" height="18">
Mongolia,<a href="http://en.wikipedia.org/wiki/Mongolia" title="Mongolia">Mongolia</a>,2_736_800,314_866,<img alt="" src="//upload.wikimedia.org/wikipedia/commons/thumb/4/4c/Flag_of_Mongolia.svg/22px-Flag_of_Mongolia.svg.png" width="22" height="11">
Montenegro,<a href="http://en.wikipedia.org/wiki/Montenegro" title="Montenegro">Montenegro</a>,620_029,346_700,<img alt="" src="//upload.wikimedia.org/wikipedia/commons/thumb/6/64/Flag_of_Montenegro.svg/22px-Flag_of_Montenegro.svg.png" width="22" height="11">
Montserrat,<a href="http://en.wikipedia.org/wiki/Montserrat" title="Montserrat">Montserrat</a>,4_932,1_791,<img alt="" src="//upload.wikimedia.org/wikipedia/commons/thumb/d/d0/Flag_of_Montserrat.svg/22px-Flag_of_Montserrat.svg.png" width="22" height="11">
Morocco,<a href="http://en.wikipedia.org/wiki/Morocco" title="Morocco">Morocco</a>,32_374_900,15_497_440,<img alt="" src="//upload.wikimedia.org/wikipedia/commons/thumb/2/2c/Flag_of_Morocco.svg/22px-Flag_of_Morocco.svg.png" width="22" height="15">
Mozambique,<a href="http://en.wikipedia.org/wiki/Mozambique" title="Mozambique">Mozambique</a>,23_049_621,934_808,<img alt="" src="//upload.wikimedia.org/wikipedia/commons/thumb/d/d0/Flag_of_Mozambique.svg/22px-Flag_of_Mozambique.svg.png" width="22" height="15">
Myanmar,<a href="http://en.wikipedia.org/wiki/Myanmar" title="Myanmar" class="mw-redirect">Myanmar</a>,48_337_000,connected,<img alt="" src="//upload.wikimedia.org/wikipedia/commons/thumb/8/8c/Flag_of_Myanmar.svg/22px-Flag_of_Myanmar.svg.png" width="22" height="15">
Namibia,<a href="http://en.wikipedia.org/wiki/Namibia" title="Namibia">Namibia</a>,2_324_000,138_351,<img alt="" src="//upload.wikimedia.org/wikipedia/commons/thumb/0/00/Flag_of_Namibia.svg/22px-Flag_of_Namibia.svg.png" width="22" height="15">
Nauru,<a href="http://en.wikipedia.org/wiki/Nauru" title="Nauru">Nauru</a>,10_000,556,<img alt="" src="//upload.wikimedia.org/wikipedia/commons/thumb/3/30/Flag_of_Nauru.svg/22px-Flag_of_Nauru.svg.png" width="22" height="11">
Nepal,<a href="http://en.wikipedia.org/wiki/Nepal" title="Nepal">Nepal</a>,26_620_809,1_962_936,<img alt="" src="//upload.wikimedia.org/wikipedia/commons/thumb/9/9b/Flag_of_Nepal.svg/15px-Flag_of_Nepal.svg.png" width="15" height="18">
Netherlands,<a href="http://en.wikipedia.org/wiki/Netherlands" title="Netherlands">Netherlands</a>,16_715_489,15_035_788,<img alt="" src="//upload.wikimedia.org/wikipedia/commons/thumb/2/20/Flag_of_the_Netherlands.svg/22px-Flag_of_the_Netherlands.svg.png" width="22" height="15">
New Caledonia,<a href="http://en.wikipedia.org/wiki/New_Caledonia" title="New Caledonia">New Caledonia</a>,245_580,connected,<img alt="" src="//upload.wikimedia.org/wikipedia/commons/thumb/2/23/Flag_of_New_Caledonia.svg/22px-Flag_of_New_Caledonia.svg.png" width="22" height="11">
New Zealand,<a href="http://en.wikipedia.org/wiki/New_Zealand" title="New Zealand">New Zealand</a>,4_418_900,3_529_390,<img alt="" src="//upload.wikimedia.org/wikipedia/commons/thumb/3/3e/Flag_of_New_Zealand.svg/22px-Flag_of_New_Zealand.svg.png" width="22" height="11">
Nicaragua,<a href="http://en.wikipedia.org/wiki/Nicaragua" title="Nicaragua">Nicaragua</a>,5_815_524,560_445,<img alt="" src="//upload.wikimedia.org/wikipedia/commons/thumb/1/19/Flag_of_Nicaragua.svg/22px-Flag_of_Nicaragua.svg.png" width="22" height="13">
Niger,<a href="http://en.wikipedia.org/wiki/Niger" title="Niger">Niger</a>,15_730_754,131_790,<img alt="" src="//upload.wikimedia.org/wikipedia/commons/thumb/f/f4/Flag_of_Niger.svg/22px-Flag_of_Niger.svg.png" width="22" height="19">
Nigeria,<a href="http://en.wikipedia.org/wiki/Nigeria" title="Nigeria">Nigeria</a>,162_471_000,45_944_229,<img alt="" src="//upload.wikimedia.org/wikipedia/commons/thumb/7/79/Flag_of_Nigeria.svg/22px-Flag_of_Nigeria.svg.png" width="22" height="11">
Niue,<a href="http://en.wikipedia.org/wiki/Niue" title="Niue">Niue</a>,1_000,connected,<img alt="" src="//upload.wikimedia.org/wikipedia/commons/thumb/0/01/Flag_of_Niue.svg/22px-Flag_of_Niue.svg.png" width="22" height="11">
North Korea,<a href="http://en.wikipedia.org/wiki/North_Korea" title="North Korea">North Korea</a>,24_052_231,connected,<img alt="" src="//upload.wikimedia.org/wikipedia/commons/thumb/5/51/Flag_of_North_Korea.svg/22px-Flag_of_North_Korea.svg.png" width="22" height="11">
Northern Mariana Islands,<a href="http://en.wikipedia.org/wiki/Northern_Mariana_Islands" title="Northern Mariana Islands">Northern Mariana Islands</a>,53_883,connected,<img alt="" src="//upload.wikimedia.org/wikipedia/commons/thumb/e/e0/Flag_of_the_Northern_Mariana_Islands.svg/22px-Flag_of_the_Northern_Mariana_Islands.svg.png" width="22" height="11">
Norway,<a href="http://en.wikipedia.org/wiki/Norway" title="Norway">Norway</a>,4_976_600,4_367_201,<img alt="" src="//upload.wikimedia.org/wikipedia/commons/thumb/d/d9/Flag_of_Norway.svg/22px-Flag_of_Norway.svg.png" width="22" height="16">
Oman,<a href="http://en.wikipedia.org/wiki/Oman" title="Oman">Oman</a>,2_773_479,1_857_791,<img alt="" src="//upload.wikimedia.org/wikipedia/commons/thumb/d/dd/Flag_of_Oman.svg/22px-Flag_of_Oman.svg.png" width="22" height="11">
Pakistan,<a href="http://en.wikipedia.org/wiki/Pakistan" title="Pakistan">Pakistan</a>,177_798_000,30_943_124,<img alt="" src="//upload.wikimedia.org/wikipedia/commons/thumb/3/32/Flag_of_Pakistan.svg/22px-Flag_of_Pakistan.svg.png" width="22" height="15">
Palau,<a href="http://en.wikipedia.org/wiki/Palau" title="Palau">Palau</a>,21_000,connected,<img alt="" src="//upload.wikimedia.org/wikipedia/commons/thumb/4/48/Flag_of_Palau.svg/22px-Flag_of_Palau.svg.png" width="22" height="14">
Palestinian territories,<a href="http://en.wikipedia.org/wiki/Palestinian_territories" title="Palestinian territories">Palestinian territories</a>,4_152_000,connected,<img alt="" src="//upload.wikimedia.org/wikipedia/commons/thumb/0/00/Flag_of_Palestine.svg/22px-Flag_of_Palestine.svg.png" width="22" height="11">
Panama,<a href="http://en.wikipedia.org/wiki/Panama" title="Panama">Panama</a>,3_405_813,1_458_064,<img alt="" src="//upload.wikimedia.org/wikipedia/commons/thumb/a/ab/Flag_of_Panama.svg/22px-Flag_of_Panama.svg.png" width="22" height="15">
Papua New Guinea,<a href="http://en.wikipedia.org/wiki/Papua_New_Guinea" title="Papua New Guinea">Papua New Guinea</a>,7_014_000,77_626,<img alt="" src="//upload.wikimedia.org/wikipedia/commons/thumb/e/e3/Flag_of_Papua_New_Guinea.svg/22px-Flag_of_Papua_New_Guinea.svg.png" width="22" height="17">
Paraguay,<a href="http://en.wikipedia.org/wiki/Paraguay" title="Paraguay">Paraguay</a>,6_337_127,1_504_696,<img alt="" src="//upload.wikimedia.org/wikipedia/commons/thumb/2/27/Flag_of_Paraguay.svg/22px-Flag_of_Paraguay.svg.png" width="22" height="13">
Peru,<a href="http://en.wikipedia.org/wiki/Peru" title="Peru">Peru</a>,29_797_694,9_929_155,<img alt="" src="//upload.wikimedia.org/wikipedia/commons/thumb/c/cf/Flag_of_Peru.svg/22px-Flag_of_Peru.svg.png" width="22" height="15">
Philippines,<a href="http://en.wikipedia.org/wiki/Philippines" title="Philippines">Philippines</a>,94_013_200,24_975_044,<img alt="" src="//upload.wikimedia.org/wikipedia/commons/thumb/9/99/Flag_of_the_Philippines.svg/22px-Flag_of_the_Philippines.svg.png" width="22" height="11">
Poland,<a href="http://en.wikipedia.org/wiki/Poland" title="Poland">Poland</a>,38_092_000,23_970_571,<img alt="" src="//upload.wikimedia.org/wikipedia/en/thumb/1/12/Flag_of_Poland.svg/22px-Flag_of_Poland.svg.png" width="22" height="14">
Portugal,<a href="http://en.wikipedia.org/wiki/Portugal" title="Portugal">Portugal</a>,10_555_853,5_485_976,<img alt="" src="//upload.wikimedia.org/wikipedia/commons/thumb/5/5c/Flag_of_Portugal.svg/22px-Flag_of_Portugal.svg.png" width="22" height="15">
Puerto Rico,<a href="http://en.wikipedia.org/wiki/Puerto_Rico" title="Puerto Rico">Puerto Rico</a>,3_725_789,1_802_352,<img alt="" src="//upload.wikimedia.org/wikipedia/commons/thumb/2/28/Flag_of_Puerto_Rico.svg/22px-Flag_of_Puerto_Rico.svg.png" width="22" height="15">
Qatar,<a href="http://en.wikipedia.org/wiki/Qatar" title="Qatar">Qatar</a>,1_699_435,1_186_436,<img alt="" src="//upload.wikimedia.org/wikipedia/commons/thumb/6/65/Flag_of_Qatar.svg/22px-Flag_of_Qatar.svg.png" width="22" height="9">
Republic of the Congo,<a href="http://en.wikipedia.org/wiki/Republic_of_the_Congo" title="Republic of the Congo">Republic of the Congo</a>,4_140_000,connected,<img alt="" src="//upload.wikimedia.org/wikipedia/commons/thumb/9/92/Flag_of_the_Republic_of_the_Congo.svg/22px-Flag_of_the_Republic_of_the_Congo.svg.png" width="22" height="15">
Romania,<a href="http://en.wikipedia.org/wiki/Romania" title="Romania">Romania</a>,21_436_000,8_768_340,<img alt="" src="//upload.wikimedia.org/wikipedia/commons/thumb/7/73/Flag_of_Romania.svg/22px-Flag_of_Romania.svg.png" width="22" height="15">
Russia,<a href="http://en.wikipedia.org/wiki/Russia" title="Russia">Russia</a>,142_914_136,59_937_788,<img alt="" src="//upload.wikimedia.org/wikipedia/en/thumb/f/f3/Flag_of_Russia.svg/22px-Flag_of_Russia.svg.png" width="22" height="15">
Rwanda,<a href="http://en.wikipedia.org/wiki/Rwanda" title="Rwanda">Rwanda</a>,10_412_826,851_310,<img alt="" src="//upload.wikimedia.org/wikipedia/commons/thumb/1/17/Flag_of_Rwanda.svg/22px-Flag_of_Rwanda.svg.png" width="22" height="15">
Réunion,<a href="http://en.wikipedia.org/wiki/R%C3%A9union" title="Réunion">Réunion</a>,808_250,connected,<img alt="" src="//upload.wikimedia.org/wikipedia/en/thumb/c/c3/Flag_of_France.svg/22px-Flag_of_France.svg.png" width="22" height="15">
Saint Barthélemy,<a href="http://en.wikipedia.org/wiki/Saint_Barth%C3%A9lemy" title="Saint Barthélemy">Saint Barthélemy</a>,8_823,connected,<img alt="" src="//upload.wikimedia.org/wikipedia/en/thumb/c/c3/Flag_of_France.svg/22px-Flag_of_France.svg.png" width="22" height="15">
Saint Helena&comma; Ascension and Tristan da Cunha,<a href="http://en.wikipedia.org/wiki/Saint_Helena&comma;_Ascension_and_Tristan_da_Cunha" title="Saint Helena&comma; Ascension and Tristan da Cunha">Saint Helena&comma; Ascension and Tristan da Cunha</a>,4_255,connected,<img alt="" src="//upload.wikimedia.org/wikipedia/commons/thumb/0/00/Flag_of_Saint_Helena.svg/22px-Flag_of_Saint_Helena.svg.png" width="22" height="11">
Saint Kitts and Nevis,<a href="http://en.wikipedia.org/wiki/Saint_Kitts_and_Nevis" title="Saint Kitts and Nevis">Saint Kitts and Nevis</a>,51_970,connected,<img alt="" src="//upload.wikimedia.org/wikipedia/commons/thumb/f/fe/Flag_of_Saint_Kitts_and_Nevis.svg/22px-Flag_of_Saint_Kitts_and_Nevis.svg.png" width="22" height="15">
Saint Lucia,<a href="http://en.wikipedia.org/wiki/Saint_Lucia" title="Saint Lucia">Saint Lucia</a>,166_526,connected,<img alt="" src="//upload.wikimedia.org/wikipedia/commons/thumb/9/9f/Flag_of_Saint_Lucia.svg/22px-Flag_of_Saint_Lucia.svg.png" width="22" height="11">
Saint Martin,<a href="http://en.wikipedia.org/wiki/Collectivity_of_Saint_Martin" title="Collectivity of Saint Martin">Saint Martin</a>,37_163,connected,<img alt="" src="//upload.wikimedia.org/wikipedia/en/thumb/c/c3/Flag_of_France.svg/22px-Flag_of_France.svg.png" width="22" height="15">
Saint Pierre and Miquelon,<a href="http://en.wikipedia.org/wiki/Saint_Pierre_and_Miquelon" title="Saint Pierre and Miquelon">Saint Pierre and Miquelon</a>,6_290,connected,<img alt="" src="//upload.wikimedia.org/wikipedia/en/thumb/c/c3/Flag_of_France.svg/22px-Flag_of_France.svg.png" width="22" height="15">
Saint Vincent and the Grenadines,<a href="http://en.wikipedia.org/wiki/Saint_Vincent_and_the_Grenadines" title="Saint Vincent and the Grenadines">Saint Vincent and the Grenadines</a>,100_892,connected,<img alt="" src="//upload.wikimedia.org/wikipedia/commons/thumb/6/6d/Flag_of_Saint_Vincent_and_the_Grenadines.svg/22px-Flag_of_Saint_Vincent_and_the_Grenadines.svg.png" width="22" height="15">
Samoa,<a href="http://en.wikipedia.org/wiki/Samoa" title="Samoa">Samoa</a>,184_032,connected,<img alt="" src="//upload.wikimedia.org/wikipedia/commons/thumb/3/31/Flag_of_Samoa.svg/22px-Flag_of_Samoa.svg.png" width="22" height="11">
San Marino,<a href="http://en.wikipedia.org/wiki/San_Marino" title="San Marino">San Marino</a>,32_093,connected,<img alt="" src="//upload.wikimedia.org/wikipedia/commons/thumb/b/b1/Flag_of_San_Marino.svg/22px-Flag_of_San_Marino.svg.png" width="22" height="17">
Saudi Arabia,<a href="http://en.wikipedia.org/wiki/Saudi_Arabia" title="Saudi Arabia">Saudi Arabia</a>,27_136_977,10_550_028,<img alt="" src="//upload.wikimedia.org/wikipedia/commons/thumb/0/0d/Flag_of_Saudi_Arabia.svg/22px-Flag_of_Saudi_Arabia.svg.png" width="22" height="15">
Senegal,<a href="http://en.wikipedia.org/wiki/Senegal" title="Senegal">Senegal</a>,12_855_153,1_971_720,<img alt="" src="//upload.wikimedia.org/wikipedia/commons/thumb/f/fd/Flag_of_Senegal.svg/22px-Flag_of_Senegal.svg.png" width="22" height="15">
Serbia,<a href="http://en.wikipedia.org/wiki/Serbia" title="Serbia">Serbia</a>,7_276_195,3_004_042,<img alt="" src="//upload.wikimedia.org/wikipedia/commons/thumb/f/ff/Flag_of_Serbia.svg/22px-Flag_of_Serbia.svg.png" width="22" height="15">
Seychelles,<a href="http://en.wikipedia.org/wiki/Seychelles" title="Seychelles">Seychelles</a>,90_945,36_219,<img alt="" src="//upload.wikimedia.org/wikipedia/commons/thumb/f/fc/Flag_of_Seychelles.svg/22px-Flag_of_Seychelles.svg.png" width="22" height="11">
Sierra Leone,<a href="http://en.wikipedia.org/wiki/Sierra_Leone" title="Sierra Leone">Sierra Leone</a>,5_997_000,connected,<img alt="" src="//upload.wikimedia.org/wikipedia/commons/thumb/1/17/Flag_of_Sierra_Leone.svg/22px-Flag_of_Sierra_Leone.svg.png" width="22" height="15">
Singapore,<a href="http://en.wikipedia.org/wiki/Singapore" title="Singapore">Singapore</a>,5_183_700,3_598_074,<img alt="" src="//upload.wikimedia.org/wikipedia/commons/thumb/4/48/Flag_of_Singapore.svg/22px-Flag_of_Singapore.svg.png" width="22" height="15">
Slovakia,<a href="http://en.wikipedia.org/wiki/Slovakia" title="Slovakia">Slovakia</a>,5_437_126,4_344_517,<img alt="" src="//upload.wikimedia.org/wikipedia/commons/thumb/e/e6/Flag_of_Slovakia.svg/22px-Flag_of_Slovakia.svg.png" width="22" height="15">
Slovenia,<a href="http://en.wikipedia.org/wiki/Slovenia" title="Slovenia">Slovenia</a>,2_054_930,1_402_195,<img alt="" src="//upload.wikimedia.org/wikipedia/commons/thumb/f/f0/Flag_of_Slovenia.svg/22px-Flag_of_Slovenia.svg.png" width="22" height="11">
Solomon Islands,<a href="http://en.wikipedia.org/wiki/Solomon_Islands" title="Solomon Islands">Solomon Islands</a>,542_287,27_960,<img alt="" src="//upload.wikimedia.org/wikipedia/commons/thumb/7/74/Flag_of_the_Solomon_Islands.svg/22px-Flag_of_the_Solomon_Islands.svg.png" width="22" height="11">
Somalia,<a href="http://en.wikipedia.org/wiki/Somalia" title="Somalia">Somalia</a>,9_557_000,connected,<img alt="" src="//upload.wikimedia.org/wikipedia/commons/thumb/a/a0/Flag_of_Somalia.svg/22px-Flag_of_Somalia.svg.png" width="22" height="15">
South Africa,<a href="http://en.wikipedia.org/wiki/South_Africa" title="South Africa">South Africa</a>,50_586_757,6_040_420,<img alt="" src="//upload.wikimedia.org/wikipedia/commons/thumb/a/af/Flag_of_South_Africa.svg/22px-Flag_of_South_Africa.svg.png" width="22" height="15">
South Korea,<a href="http://en.wikipedia.org/wiki/South_Korea" title="South Korea">South Korea</a>,48_219_000,connected,<img alt="" src="//upload.wikimedia.org/wikipedia/commons/thumb/0/09/Flag_of_South_Korea.svg/22px-Flag_of_South_Korea.svg.png" width="22" height="15">
South Sudan,<a href="http://en.wikipedia.org/wiki/South_Sudan" title="South Sudan">South Sudan</a>,8_260_490,connected,<img alt="" src="//upload.wikimedia.org/wikipedia/commons/thumb/7/7a/Flag_of_South_Sudan.svg/22px-Flag_of_South_Sudan.svg.png" width="22" height="11">
Spain,<a href="http://en.wikipedia.org/wiki/Spain" title="Spain">Spain</a>,46_162_024,30_940_417,<img alt="" src="//upload.wikimedia.org/wikipedia/en/thumb/9/9a/Flag_of_Spain.svg/22px-Flag_of_Spain.svg.png" width="22" height="15">
Sri Lanka,<a href="http://en.wikipedia.org/wiki/Sri_Lanka" title="Sri Lanka">Sri Lanka</a>,20_653_000,2_530_059,<img alt="" src="//upload.wikimedia.org/wikipedia/commons/thumb/1/11/Flag_of_Sri_Lanka.svg/22px-Flag_of_Sri_Lanka.svg.png" width="22" height="11">
Sudan,<a href="http://en.wikipedia.org/wiki/Sudan" title="Sudan">Sudan</a>,30_894_000,connected,<img alt="" src="//upload.wikimedia.org/wikipedia/commons/thumb/0/01/Flag_of_Sudan.svg/22px-Flag_of_Sudan.svg.png" width="22" height="11">
Suriname,<a href="http://en.wikipedia.org/wiki/Suriname" title="Suriname">Suriname</a>,529_000,172_437,<img alt="" src="//upload.wikimedia.org/wikipedia/commons/thumb/6/60/Flag_of_Suriname.svg/22px-Flag_of_Suriname.svg.png" width="22" height="15">
Swaziland,<a href="http://en.wikipedia.org/wiki/Swaziland" title="Swaziland">Swaziland</a>,1_203_000,108_595,<img alt="" src="//upload.wikimedia.org/wikipedia/commons/thumb/1/1e/Flag_of_Swaziland.svg/22px-Flag_of_Swaziland.svg.png" width="22" height="15">
Sweden,<a href="http://en.wikipedia.org/wiki/Sweden" title="Sweden">Sweden</a>,9_471_174,8_166_650,<img alt="" src="//upload.wikimedia.org/wikipedia/en/thumb/4/4c/Flag_of_Sweden.svg/22px-Flag_of_Sweden.svg.png" width="22" height="14">
Switzerland,<a href="http://en.wikipedia.org/wiki/Switzerland" title="Switzerland">Switzerland</a>,7_870_100,6_396_064,<img alt="" src="//upload.wikimedia.org/wikipedia/commons/thumb/f/f3/Flag_of_Switzerland.svg/17px-Flag_of_Switzerland.svg.png" width="17" height="17">
Syria,<a href="http://en.wikipedia.org/wiki/Syria" title="Syria">Syria</a>,21_310_000,4_595_009,<img alt="" src="//upload.wikimedia.org/wikipedia/commons/thumb/5/53/Flag_of_Syria.svg/22px-Flag_of_Syria.svg.png" width="22" height="15">
São Tomé and Príncipe,<a href="http://en.wikipedia.org/wiki/S%C3%A3o_Tom%C3%A9_and_Pr%C3%ADncipe" title="São Tomé and Príncipe">São Tomé and Príncipe</a>,169_000,32_964,<img alt="" src="//upload.wikimedia.org/wikipedia/commons/thumb/4/4f/Flag_of_Sao_Tome_and_Principe.svg/22px-Flag_of_Sao_Tome_and_Principe.svg.png" width="22" height="11">
Taiwan,<a href="http://en.wikipedia.org/wiki/Republic_of_China" title="Republic of China">Taiwan</a>,23_197_947,16_462_844,<img alt="" src="//upload.wikimedia.org/wikipedia/commons/thumb/7/72/Flag_of_the_Republic_of_China.svg/22px-Flag_of_the_Republic_of_China.svg.png" width="22" height="15">
Tajikistan,<a href="http://en.wikipedia.org/wiki/Tajikistan" title="Tajikistan">Tajikistan</a>,7_616_000,864_805,<img alt="" src="//upload.wikimedia.org/wikipedia/commons/thumb/d/d0/Flag_of_Tajikistan.svg/22px-Flag_of_Tajikistan.svg.png" width="22" height="11">
Tanzania,<a href="http://en.wikipedia.org/wiki/Tanzania" title="Tanzania">Tanzania</a>,43_188_000,4_608_218,<img alt="" src="//upload.wikimedia.org/wikipedia/commons/thumb/3/38/Flag_of_Tanzania.svg/22px-Flag_of_Tanzania.svg.png" width="22" height="15">
Thailand,<a href="http://en.wikipedia.org/wiki/Thailand" title="Thailand">Thailand</a>,69_519_000,14_063_287,<img alt="" src="//upload.wikimedia.org/wikipedia/commons/thumb/a/a9/Flag_of_Thailand.svg/22px-Flag_of_Thailand.svg.png" width="22" height="15">
Timor-Leste,<a href="http://en.wikipedia.org/wiki/East_Timor" title="East Timor">Timor-Leste</a>,1_066_409,2_425,<img alt="" src="//upload.wikimedia.org/wikipedia/commons/thumb/2/26/Flag_of_East_Timor.svg/22px-Flag_of_East_Timor.svg.png" width="22" height="11">
Togo,<a href="http://en.wikipedia.org/wiki/Togo" title="Togo">Togo</a>,5_753_324,354_393,<img alt="" src="//upload.wikimedia.org/wikipedia/commons/thumb/6/68/Flag_of_Togo.svg/22px-Flag_of_Togo.svg.png" width="22" height="14">
Tokelau,<a href="http://en.wikipedia.org/wiki/Tokelau" title="Tokelau">Tokelau</a>,1_000,connected,<img alt="" src="//upload.wikimedia.org/wikipedia/commons/thumb/8/8e/Flag_of_Tokelau.svg/22px-Flag_of_Tokelau.svg.png" width="22" height="11">
Tonga,<a href="http://en.wikipedia.org/wiki/Tonga" title="Tonga">Tonga</a>,105_000,12_676,<img alt="" src="//upload.wikimedia.org/wikipedia/commons/thumb/9/9a/Flag_of_Tonga.svg/22px-Flag_of_Tonga.svg.png" width="22" height="11">
Trinidad and Tobago,<a href="http://en.wikipedia.org/wiki/Trinidad_and_Tobago" title="Trinidad and Tobago">Trinidad and Tobago</a>,1_317_714,595_915,<img alt="" src="//upload.wikimedia.org/wikipedia/commons/thumb/6/64/Flag_of_Trinidad_and_Tobago.svg/22px-Flag_of_Trinidad_and_Tobago.svg.png" width="22" height="13">
Tunisia,<a href="http://en.wikipedia.org/wiki/Tunisia" title="Tunisia">Tunisia</a>,10_673_800,3_873_215,<img alt="" src="//upload.wikimedia.org/wikipedia/commons/thumb/c/ce/Flag_of_Tunisia.svg/22px-Flag_of_Tunisia.svg.png" width="22" height="15">
Turkey,<a href="http://en.wikipedia.org/wiki/Turkey" title="Turkey">Turkey</a>,73_722_988,30_981_601,<img alt="" src="//upload.wikimedia.org/wikipedia/commons/thumb/b/b4/Flag_of_Turkey.svg/22px-Flag_of_Turkey.svg.png" width="22" height="15">
Turkmenistan,<a href="http://en.wikipedia.org/wiki/Turkmenistan" title="Turkmenistan">Turkmenistan</a>,5_105_000,108_700,<img alt="" src="//upload.wikimedia.org/wikipedia/commons/thumb/1/1b/Flag_of_Turkmenistan.svg/22px-Flag_of_Turkmenistan.svg.png" width="22" height="15">
Turks and Caicos Islands,<a href="http://en.wikipedia.org/wiki/Turks_and_Caicos_Islands" title="Turks and Caicos Islands">Turks and Caicos Islands</a>,42_375,connected,<img alt="" src="//upload.wikimedia.org/wikipedia/commons/thumb/a/a0/Flag_of_the_Turks_and_Caicos_Islands.svg/22px-Flag_of_the_Turks_and_Caicos_Islands.svg.png" width="22" height="11">
Tuvalu,<a href="http://en.wikipedia.org/wiki/Tuvalu" title="Tuvalu">Tuvalu</a>,10_000,2_618,<img alt="" src="//upload.wikimedia.org/wikipedia/commons/thumb/3/38/Flag_of_Tuvalu.svg/22px-Flag_of_Tuvalu.svg.png" width="22" height="11">
Uganda,<a href="http://en.wikipedia.org/wiki/Uganda" title="Uganda">Uganda</a>,32_939_800,4_174_835,<img alt="" src="//upload.wikimedia.org/wikipedia/commons/thumb/4/4e/Flag_of_Uganda.svg/22px-Flag_of_Uganda.svg.png" width="22" height="15">
Ukraine,<a href="http://en.wikipedia.org/wiki/Ukraine" title="Ukraine">Ukraine</a>,45_668_028,10_445_587,<img alt="" src="//upload.wikimedia.org/wikipedia/commons/thumb/4/49/Flag_of_Ukraine.svg/22px-Flag_of_Ukraine.svg.png" width="22" height="15">
United Arab Emirates,<a href="http://en.wikipedia.org/wiki/United_Arab_Emirates" title="United Arab Emirates">United Arab Emirates</a>,8_264_070,3_880_963,<img alt="" src="//upload.wikimedia.org/wikipedia/commons/thumb/c/cb/Flag_of_the_United_Arab_Emirates.svg/22px-Flag_of_the_United_Arab_Emirates.svg.png" width="22" height="11">
United Kingdom,<a href="http://en.wikipedia.org/wiki/United_Kingdom" title="United Kingdom">United Kingdom</a>,62_300_000,52_996_180,<img alt="" src="//upload.wikimedia.org/wikipedia/en/thumb/a/ae/Flag_of_the_United_Kingdom.svg/22px-Flag_of_the_United_Kingdom.svg.png" width="22" height="11">
United States,<a href="http://en.wikipedia.org/wiki/United_States" title="United States">United States</a>,312_598_000,243_542_822,<img alt="" src="//upload.wikimedia.org/wikipedia/en/thumb/a/a4/Flag_of_the_United_States.svg/22px-Flag_of_the_United_States.svg.png" width="22" height="12">
United States Virgin Islands,<a href="http://en.wikipedia.org/wiki/United_States_Virgin_Islands" title="United States Virgin Islands">United States Virgin Islands</a>,106_405,connected,<img alt="" src="//upload.wikimedia.org/wikipedia/commons/thumb/f/f8/Flag_of_the_United_States_Virgin_Islands.svg/22px-Flag_of_the_United_States_Virgin_Islands.svg.png" width="22" height="15">
Uruguay,<a href="http://en.wikipedia.org/wiki/Uruguay" title="Uruguay">Uruguay</a>,3_368_595,1_431_016,<img alt="" src="//upload.wikimedia.org/wikipedia/commons/thumb/f/fe/Flag_of_Uruguay.svg/22px-Flag_of_Uruguay.svg.png" width="22" height="15">
Uzbekistan,<a href="http://en.wikipedia.org/wiki/Uzbekistan" title="Uzbekistan">Uzbekistan</a>,28_000_000,5_573_148,<img alt="" src="//upload.wikimedia.org/wikipedia/commons/thumb/8/84/Flag_of_Uzbekistan.svg/22px-Flag_of_Uzbekistan.svg.png" width="22" height="11">
Vanuatu,<a href="http://en.wikipedia.org/wiki/Vanuatu" title="Vanuatu">Vanuatu</a>,234_023,17_724,<img alt="" src="//upload.wikimedia.org/wikipedia/commons/thumb/b/bc/Flag_of_Vanuatu.svg/22px-Flag_of_Vanuatu.svg.png" width="22" height="13">
Vatican City,<a href="http://en.wikipedia.org/wiki/Vatican_City" title="Vatican City">Vatican City</a>,800,connected,<img alt="" src="//upload.wikimedia.org/wikipedia/commons/thumb/0/00/Flag_of_the_Vatican_City.svg/20px-Flag_of_the_Vatican_City.svg.png" width="20" height="20">
Venezuela,<a href="http://en.wikipedia.org/wiki/Venezuela" title="Venezuela">Venezuela</a>,29_441_000,9_699_636,<img alt="" src="//upload.wikimedia.org/wikipedia/commons/thumb/0/06/Flag_of_Venezuela.svg/22px-Flag_of_Venezuela.svg.png" width="22" height="15">
Vietnam,<a href="http://en.wikipedia.org/wiki/Vietnam" title="Vietnam">Vietnam</a>,85_846_997,24_685_803,<img alt="" src="//upload.wikimedia.org/wikipedia/commons/thumb/2/21/Flag_of_Vietnam.svg/22px-Flag_of_Vietnam.svg.png" width="22" height="15">
Wallis and Futuna,<a href="http://en.wikipedia.org/wiki/Wallis_and_Futuna" title="Wallis and Futuna">Wallis and Futuna</a>,13_445,connected,<img alt="" src="//upload.wikimedia.org/wikipedia/en/thumb/c/c3/Flag_of_France.svg/22px-Flag_of_France.svg.png" width="22" height="15">
Western Sahara,<a href="http://en.wikipedia.org/wiki/Western_Sahara" title="Western Sahara">Western Sahara</a>,548_000,connected,<img alt="" src="//upload.wikimedia.org/wikipedia/commons/thumb/2/26/Flag_of_the_Sahrawi_Arab_Democratic_Republic.svg/22px-Flag_of_the_Sahrawi_Arab_Democratic_Republic.svg.png" width="22" height="11">
Yemen,<a href="http://en.wikipedia.org/wiki/Yemen" title="Yemen">Yemen</a>,23_833_000,2_549_247,<img alt="" src="//upload.wikimedia.org/wikipedia/commons/thumb/8/89/Flag_of_Yemen.svg/22px-Flag_of_Yemen.svg.png" width="22" height="15">
Zambia,<a href="http://en.wikipedia.org/wiki/Zambia" title="Zambia">Zambia</a>,13_046_508,907_225,<img alt="" src="//upload.wikimedia.org/wikipedia/commons/thumb/0/06/Flag_of_Zambia.svg/22px-Flag_of_Zambia.svg.png" width="22" height="15">
Zimbabwe,<a href="http://en.wikipedia.org/wiki/Zimbabwe" title="Zimbabwe">Zimbabwe</a>,12_754_000,1_339_964,<img alt="" src="//upload.wikimedia.org/wikipedia/commons/thumb/6/6a/Flag_of_Zimbabwe.svg/22px-Flag_of_Zimbabwe.svg.png" width="22" height="11">
