name,label,population,perc_population,requests,breakdown_by_language,viewfreq_per_country
#1: English Wikipedia,EN,1.5^B,20.3% of 7.4^B,7.1^B,1:USA:US:N:NA:3.0^B:41.5%|2:GBR:UK:N:EU:703^M:9.9%|3:IND:India:S:AS:532^M:7.5%|4:CAN:Canada:N:NA:310^M:4.3%|5:IRN:Iran:S:AS:246^M:3.4%|6:AUS:Australia:N:OC:220^M:3.1%|7:DEU:Germany:N:EU:156^M:2.2%|8:PAK:Pakistan:S:AS:114^M:1.6%|9:PHL:Philippines:S:AS:111^M:1.6%|10:FRA:France:N:EU:85.6^M:1.2%|11:CHN:China:S:AS:81.5^M:1.1%|12:NLD:Netherlands:N:EU:80.1^M:1.1%|13:IRL:Ireland:N:EU:53.2^M:0.7%|14:MYS:Malaysia:S:AS:52.7^M:0.7%|15:ITA:Italy:N:EU:52.5^M:0.7%|16:IDN:Indonesia:S:AS:52.1^M:0.7%|17:SGP:Singapore:S:AS:50.8^M:0.7%|18:SWE:Sweden:N:EU:47.5^M:0.7%|19:BRA:Brazil:S:SA:47.0^M:0.7%|20:RUS:Russia:N:EU:43.3^M:0.6%|21:ESP:Spain:N:EU:42.6^M:0.6%|22:ZAF:South Africa:S:AF:41.1^M:0.6%|23:NZL:New Zealand:N:OC:40.5^M:0.6%|24:POL:Poland:N:EU:40.1^M:0.6%|25:JPN:Japan:N:AS:37.1^M:0.5%|26:NGA:Nigeria:S:AF:35.4^M:0.5%|27:MEX:Mexico:S:NA:31.3^M:0.4%|28:GRC:Greece:N:EU:28.8^M:0.4%|29:ROU:Romania:N:EU:27.8^M:0.4%|30:DNK:Denmark:N:EU:27.1^M:0.4%|31:ARE:UAE:S:AS:26.9^M:0.4%|32:BEL:Belgium:N:EU:26.7^M:0.4%|33:NOR:Norway:N:EU:26.4^M:0.4%|34:FIN:Finland:N:EU:26.4^M:0.4%|35:HKG:Hong Kong:S:AS:26.0^M:0.4%|36:KOR:South Korea:N:AS:24.3^M:0.3%|37:ISR:Israel:S:AS:23.8^M:0.3%|38:UKR:Ukraine:N:EU:22.9^M:0.3%|39:CHE:Switzerland:N:EU:22.2^M:0.3%|40:THA:Thailand:S:AS:21.7^M:0.3%|41:CZE:Czech Rep.:N:EU:19.0^M:0.3%|42:BGD:Bangladesh:S:AS:18.9^M:0.3%|43:PRT:Portugal:N:EU:17.4^M:0.2%|44:TWN:Taiwan:S:AS:17.3^M:0.2%|45:HUN:Hungary:N:EU:17.2^M:0.2%|46:VNM:Vietnam:S:AS:16.6^M:0.2%|47:SRB:Rep. of Serbia:N:EU:16.5^M:0.2%|48:AFG:Afghanistan:S:AS:16.3^M:0.2%|49:KEN:Kenya:S:AF:15.4^M:0.2%|50::Unknown:X:XX:15.4^M:0.2%,USA:91.3;JPN:3.4;DEU:16.5;GBR:94.8;IND:91.7;RUS:7.5;FRA:15.4;ITA:10.3;CAN:84.5;IRN:72.6;BRA:15.6;ESP:15.4;POL:15.9;MEX:12.8;AUS:95.1;TWN:8.1;NLD:40.0;ARG:9.7;UKR:15.2;PHL:86.9;IDN:41.7;SWE:38.3;PAK:96.9;CHN:77.2;CHE:22.3;HKG:26.3;AUT:16.1;BEL:28.9;COL:9.5;KOR:26.6;CZE:24.3;THA:27.8;CHL:11.5;ISR:31.2;MYS:69.8;FIN:35.2;PER:9.0;SGP:79.7;IRL:84.3;VNM:26.8;VEN:8.6;ROU:48.3;NOR:48.0;GRC:53.9;DNK:51.0;HUN:33.6;SAU:30.3;PRT:37.5;ZAF:95.1;NZL:95.1;ECU:7.1;NGA:96.7;SRB:45.7;EGY:31.4;KAZ:6.5;ARE:79.8;BGR:37.9;BLR:7.9;MAR:18.3;XXX:54.3;HRV:51.7;DZA:12.5;AGO:6.7;BGD:83.4;SVK:36.9;DOM:14.3;BOL:6.5;URY:12.2;GTM:9.1;AFG:94.5;KEN:97.1;SVN:52.9;CRI:22.0;LTU:46.4;PAN:19.5;AZE:20.5;EST:45.3;IRQ:31.8;LKA:88.9;GEO:45.4;BIH:44.4;TUN:18.6;PRY:8.1;LVA:43.9;SLV:11.1;KWT:49.0;HND:12.9;JOR:31.4;NPL:94.6;PRI:62.6;ALB:59.2;LBN:59.7;QAT:73.2;ARM:26.3;GHA:97.6;MKD:68.2;LUX:31.3;MDA:23.1;UZB:12.5;TZA:88.9;NIC:11.9;TUR:32.7;KHM:76.8;KGZ:9.2;CIV:16.5;OMN:56.8;CYP:67.6;MOZ:15.6;MAC:17.1;JAM:97.4;MMR:90.8;BHR:68.9;TTO:96.6;SDN:25.3;MLT:85.2;CMR:32.6;ISL:81.2;SYR:20.2;UGA:98.4;COD:14.5;MUS:83.0;ETH:87.7;REU:9.1;SEN:14.3;MNE:44.9;PSE:25.2;LBY:23.8;HTI:14.1;ZMB:98.8;MDG:15.8;ZWE:98.1;YEM:14.5;TKM:54.6;MNG:68.2;BRN:85.6;TJK:10.5;CUB:25.6;BHS:99.4;GIN:13.7;GLP:9.6;NAM:88.7;BRB:95.9;BFA:13.2;SUR:53.6;BEN:19.2;RWA:84.0;MDV:91.6;LAO:41.7;FJI:98.8;GAB:9.5;BWA:96.6;MLI:13.4;GUY:97.0;IMN:100.0;SOM:76.1;JEY:100.0;GUM:96.8;LBR:100.0;MWI:96.5;TGO:15.1;CUW:68.9;PNG:100.0;GGY:100.0;MRT:14.7;ABW:78.1;GUF:11.0;LCA:97.3;BMU:100.0;BLZ:96.1;CYM:98.8;SLE:100.0;AND:23.1;ATG:99.1;BDI:27.5;XXX:56.0;BTN:100.0;FRO:75.7;CPV:15.7;DJI:36.7;NER:19.5;LIE:19.2;MCO:38.3;LSO:100.0;VIR:99.7;TCD:11.3;SYC:71.1;TLS:38.5;GIB:99.6;COG:12.0;SWZ:100.0;GRD:93.6;GMB:100.0;DMA:100.0;ALA:43.0;VCT:100.0;SSD:83.3;SXM:99.5;KNA:89.3;SMR:11.0;GRL:57.8;TCA:100.0;MNP:100.0;VGB:99.1;GNQ:5.7;VUT:92.2;GNB:19.8;SLB:100.0;XXX:81.1;ASM:100.0;AIA:100.0;COK:100.0;WSM:100.0;FSM:100.0;VAT:9.1;TON:100.0;PLW:100.0;ERI:100.0;MHL:100.0;KIR:100.0;
#2: Spanish Wikipedia,ES,500^M,6.8% of 7.4^B,1.1^B,1:MEX:Mexico:S:NA:211^M:19.7%|2:ESP:Spain:N:EU:202^M:18.9%|3:ARG:Argentina:S:SA:137^M:12.8%|4:COL:Colombia:S:SA:81.6^M:7.6%|5:CHL:Chile:S:SA:67.0^M:6.3%|6:PER:Peru:S:SA:63.7^M:6.0%|7:VEN:Venezuela:S:SA:53.9^M:5.0%|8:USA:US:N:NA:50.8^M:4.8%|9:ECU:Ecuador:S:SA:35.5^M:3.3%|10:BOL:Bolivia:S:SA:17.0^M:1.6%|11:DOM:Dominican Rep.:S:CA:16.5^M:1.5%|12:GTM:Guatemala:S:CA:15.8^M:1.5%|13:URY:Uruguay:S:SA:15.4^M:1.4%|14:CRI:Costa Rica:S:CA:11.2^M:1.0%|15:PAN:Panama:S:CA:10.9^M:1.0%|16:PRY:Paraguay:S:SA:9.9^M:0.9%|17:SLV:El Salvador:S:CA:9.1^M:0.9%|18:HND:Honduras:S:CA:7.8^M:0.7%|19:CAN:Canada:N:NA:7.6^M:0.7%|20:NIC:Nicaragua:S:CA:5.1^M:0.5%|21:BRA:Brazil:S:SA:5.0^M:0.5%|22:DEU:Germany:N:EU:4.8^M:0.4%|23:FRA:France:N:EU:4.2^M:0.4%|24:PRI:Puerto Rico:S:CA:3.0^M:0.3%|25:GBR:UK:N:EU:2.6^M:0.2%|26:ITA:Italy:N:EU:2.5^M:0.2%|27:CHE:Switzerland:N:EU:2.2^M:0.2%|28:JPN:Japan:N:AS:1.2^M:0.1%|29:CUB:Cuba:S:CA:1.2^M:0.1%|30:NLD:Netherlands:N:EU:1.0^M:0.10%|31:PRT:Portugal:N:EU:932^K:0.09%|32:CHN:China:S:AS:715^K:0.07%|33:RUS:Russia:N:EU:696^K:0.07%|34:SWE:Sweden:N:EU:681^K:0.06%|35:IRL:Ireland:N:EU:660^K:0.06%|36:POL:Poland:N:EU:581^K:0.05%|37:BEL:Belgium:N:EU:578^K:0.05%|38::Unknown:X:XX:574^K:0.05%|39:SGP:Singapore:S:AS:418^K:0.04%|40:ROU:Romania:N:EU:402^K:0.04%|41:ISR:Israel:S:AS:374^K:0.03%|42:AUS:Australia:N:OC:340^K:0.03%|43:IND:India:S:AS:330^K:0.03%|44:AUT:Austria:N:EU:314^K:0.03%|45:MAR:Morocco:S:AF:293^K:0.03%|46:CZE:Czech Rep.:N:EU:268^K:0.03%|47:NOR:Norway:N:EU:258^K:0.02%|48:UKR:Ukraine:N:EU:227^K:0.02%|49:AND:Andorra:N:EU:217^K:0.02%|50:AGO:Angola:S:AF:216^K:0.02%,USA:1.6;JPN:0.1;DEU:0.5;GBR:0.4;RUS:0.1;FRA:0.8;ITA:0.5;CAN:2.1;BRA:1.7;ESP:72.8;POL:0.2;MEX:86.0;AUS:0.1;NLD:0.5;ARG:88.7;UKR:0.2;IDN:0.1;SWE:0.5;CHN:0.7;CHE:2.2;HKG:0.1;AUT:0.3;BEL:0.6;COL:89.5;KOR:0.2;CZE:0.3;THA:0.1;CHL:86.9;ISR:0.5;FIN:0.2;PER:89.8;SGP:0.7;IRL:1.0;VNM:0.2;VEN:90.2;ROU:0.7;NOR:0.5;GRC:0.4;DNK:0.4;HUN:0.3;SAU:0.1;PRT:2.0;ZAF:0.1;NZL:0.2;ECU:92.0;SRB:0.3;EGY:0.2;ARE:0.3;BGR:0.4;MAR:1.0;XXX:2.0;HRV:0.4;DZA:0.3;AGO:0.9;BGD:0.2;SVK:0.4;DOM:83.6;BOL:92.1;URY:85.9;GTM:90.6;SVN:0.5;CRI:76.2;LTU:0.4;PAN:78.8;AZE:0.2;EST:0.3;IRQ:0.2;GEO:0.2;BIH:0.5;TUN:0.3;PRY:88.7;LVA:0.3;SLV:88.6;HND:86.8;PRI:36.9;ALB:0.6;LBN:0.4;QAT:0.4;LUX:0.9;MDA:0.2;NIC:87.7;KHM:0.3;CIV:0.4;MOZ:1.4;TTO:0.5;MLT:0.9;CMR:0.4;ISL:0.3;SEN:0.6;HTI:1.1;CUB:74.1;GAB:0.2;GUY:0.6;CUW:7.9;ABW:7.8;BLZ:0.2;AND:51.2;GIB:0.4;GNQ:93.4;
#3: Japanese Wikipedia,JA,132^M,1.8% of 7.4^B,1.1^B,1:JPN:Japan:N:AS:1.0^B:95.9%|2:USA:US:N:NA:13.4^M:1.3%|3:CHN:China:S:AS:5.6^M:0.5%|4:TWN:Taiwan:S:AS:4.0^M:0.4%|5:DEU:Germany:N:EU:3.1^M:0.3%|6:HKG:Hong Kong:S:AS:1.9^M:0.2%|7:KOR:South Korea:N:AS:1.9^M:0.2%|8:FRA:France:N:EU:1.1^M:0.1%|9:AUS:Australia:N:OC:1.1^M:0.1%|10:CAN:Canada:N:NA:1.1^M:0.1%|11:GBR:UK:N:EU:1.1^M:0.1%|12:THA:Thailand:S:AS:952^K:0.09%|13:SGP:Singapore:S:AS:940^K:0.09%|14:IDN:Indonesia:S:AS:594^K:0.06%|15:MYS:Malaysia:S:AS:516^K:0.05%|16:VNM:Vietnam:S:AS:504^K:0.05%|17:ITA:Italy:N:EU:399^K:0.04%|18::Unknown:X:XX:364^K:0.03%|19:SWE:Sweden:N:EU:351^K:0.03%|20:PHL:Philippines:S:AS:342^K:0.03%|21:BRA:Brazil:S:SA:333^K:0.03%|22:RUS:Russia:N:EU:317^K:0.03%|23:NLD:Netherlands:N:EU:299^K:0.03%|24:IND:India:S:AS:267^K:0.03%|25:MEX:Mexico:S:NA:247^K:0.02%|26:NZL:New Zealand:N:OC:243^K:0.02%|27:ESP:Spain:N:EU:217^K:0.02%|28:SVK:Slovakia:N:EU:206^K:0.02%|29:CHE:Switzerland:N:EU:172^K:0.02%|30:AUT:Austria:N:EU:128^K:0.01%|31:POL:Poland:N:EU:126^K:0.01%|32:IRL:Ireland:N:EU:112^K:0.01%|33:BEL:Belgium:N:EU:109^K:0.01%|34:BGR:Bulgaria:N:EU:90^K:0.009%|35:MAC:Macao:S:AS:90^K:0.009%|36:NOR:Norway:N:EU:83^K:0.008%|37:FIN:Finland:N:EU:80^K:0.008%|38:HUN:Hungary:N:EU:79^K:0.007%|39:KHM:Cambodia:S:AS:74^K:0.007%|40:DNK:Denmark:N:EU:70^K:0.007%|41:ARE:UAE:S:AS:68^K:0.006%|42:MMR:Burma:S:AS:68^K:0.006%|43:CZE:Czech Rep.:N:EU:68^K:0.006%|44:SAU:Saudi Arabia:S:AS:60^K:0.006%|45:PER:Peru:S:SA:51^K:0.005%|46:UKR:Ukraine:N:EU:46^K:0.004%|47:ARG:Argentina:S:SA:41^K:0.004%|48:CHL:Chile:S:SA:39^K:0.004%|49:ISR:Israel:S:AS:35^K:0.003%|50:ROU:Romania:N:EU:33^K:0.003%,USA:0.4;JPN:94.1;DEU:0.3;GBR:0.1;FRA:0.2;CAN:0.3;BRA:0.1;MEX:0.1;AUS:0.5;TWN:1.9;NLD:0.1;PHL:0.3;IDN:0.5;SWE:0.3;CHN:5.3;CHE:0.2;HKG:2.0;AUT:0.1;BEL:0.1;KOR:2.1;THA:1.2;MYS:0.7;FIN:0.1;SGP:1.5;IRL:0.2;VNM:0.8;NOR:0.2;DNK:0.1;HUN:0.2;SAU:0.1;NZL:0.6;ARE:0.2;BGR:0.3;XXX:1.3;SVK:0.9;LKA:0.10;KHM:1.3;MAC:2.1;MMR:1.6;MNG:0.9;LAO:0.1;GUM:3.2;
#4: German Wikipedia,DE,185^M,2.5% of 7.4^B,900^M,1:DEU:Germany:N:EU:701^M:77.9%|2:AUT:Austria:N:EU:73.5^M:8.2%|3:CHE:Switzerland:N:EU:49.7^M:5.5%|4:USA:US:N:NA:11.5^M:1.3%|5:NLD:Netherlands:N:EU:6.1^M:0.7%|6:ITA:Italy:N:EU:5.5^M:0.6%|7:FRA:France:N:EU:5.3^M:0.6%|8::Unknown:X:XX:4.9^M:0.5%|9:GBR:UK:N:EU:4.4^M:0.5%|10:ESP:Spain:N:EU:3.2^M:0.4%|11:LUX:Luxembourg:N:EU:2.2^M:0.2%|12:IRL:Ireland:N:EU:2.1^M:0.2%|13:POL:Poland:N:EU:1.9^M:0.2%|14:SWE:Sweden:N:EU:1.7^M:0.2%|15:BEL:Belgium:N:EU:1.5^M:0.2%|16:CHN:China:S:AS:1.5^M:0.2%|17:DNK:Denmark:N:EU:1.3^M:0.1%|18:RUS:Russia:N:EU:1.3^M:0.1%|19:JPN:Japan:N:AS:1.3^M:0.1%|20:CZE:Czech Rep.:N:EU:1.2^M:0.1%|21:HUN:Hungary:N:EU:1.1^M:0.1%|22:GRC:Greece:N:EU:1.0^M:0.1%|23:HRV:Croatia:N:EU:1.0^M:0.1%|24:CAN:Canada:N:NA:960^K:0.1%|25:NOR:Norway:N:EU:816^K:0.09%|26:IDN:Indonesia:S:AS:748^K:0.08%|27:ROU:Romania:N:EU:746^K:0.08%|28:BRA:Brazil:S:SA:668^K:0.07%|29:PRT:Portugal:N:EU:632^K:0.07%|30:AUS:Australia:N:OC:542^K:0.06%|31:UKR:Ukraine:N:EU:517^K:0.06%|32:THA:Thailand:S:AS:440^K:0.05%|33:IND:India:S:AS:437^K:0.05%|34:BGR:Bulgaria:N:EU:435^K:0.05%|35:FIN:Finland:N:EU:424^K:0.05%|36:SVK:Slovakia:N:EU:390^K:0.04%|37:ISR:Israel:S:AS:386^K:0.04%|38:MEX:Mexico:S:NA:381^K:0.04%|39:SGP:Singapore:S:AS:343^K:0.04%|40:SVN:Slovenia:N:EU:331^K:0.04%|41:KOR:South Korea:N:AS:321^K:0.04%|42:LIE:Liechtenstein:N:EU:303^K:0.03%|43:SRB:Rep. of Serbia:N:EU:298^K:0.03%|44:HKG:Hong Kong:S:AS:265^K:0.03%|45:TWN:Taiwan:S:AS:234^K:0.03%|46:VNM:Vietnam:S:AS:224^K:0.02%|47:BIH:Bosnia:N:EU:223^K:0.02%|48:ARG:Argentina:S:SA:216^K:0.02%|49:IRN:Iran:S:AS:216^K:0.02%|50:LVA:Latvia:N:EU:190^K:0.02%,USA:0.4;JPN:0.1;DEU:74.0;GBR:0.6;RUS:0.2;FRA:0.9;ITA:1.1;CAN:0.3;BRA:0.2;ESP:1.2;POL:0.8;MEX:0.2;AUS:0.2;TWN:0.1;NLD:3.1;ARG:0.1;UKR:0.3;PHL:0.1;IDN:0.6;SWE:1.4;PAK:0.10;CHN:1.4;CHE:50.0;HKG:0.3;AUT:78.6;BEL:1.7;COL:0.2;KOR:0.4;CZE:1.5;THA:0.6;CHL:0.2;ISR:0.5;MYS:0.1;FIN:0.6;PER:0.2;SGP:0.5;IRL:3.3;VNM:0.4;ROU:1.3;NOR:1.5;GRC:2.0;DNK:2.5;HUN:2.1;SAU:0.1;PRT:1.4;ZAF:0.4;NZL:0.4;ECU:0.2;NGA:0.2;SRB:0.8;EGY:0.5;KAZ:0.2;ARE:0.5;BGR:1.3;BLR:0.3;MAR:0.5;XXX:17.4;HRV:3.7;DZA:0.2;AGO:0.1;BGD:0.2;SVK:1.8;DOM:0.3;BOL:0.3;URY:0.2;KEN:0.3;SVN:2.1;CRI:0.4;LTU:1.1;PAN:0.3;AZE:0.4;EST:1.3;IRQ:0.2;LKA:0.3;GEO:0.7;BIH:1.9;TUN:0.6;PRY:0.7;LVA:1.7;JOR:0.3;ALB:2.2;LBN:0.5;ARM:0.7;GHA:0.3;MKD:1.0;LUX:31.8;MDA:0.4;UZB:0.1;TZA:0.5;TUR:0.8;KHM:1.1;CYP:2.4;MLT:1.9;ISL:3.4;MUS:0.9;MNE:1.1;MNG:0.2;NAM:4.9;MDV:2.4;MLI:0.1;LIE:80.8;SYC:5.8;
#5: Russian Wikipedia,RU,278^M,3.8% of 7.4^B,843^M,1:RUS:Russia:N:EU:526^M:62.4%|2:UKR:Ukraine:N:EU:96.5^M:11.5%|3:BLR:Belarus:N:EU:29.8^M:3.5%|4:KAZ:Kazakhstan:S:AS:27.5^M:3.3%|5:DEU:Germany:N:EU:17.5^M:2.1%|6:USA:US:N:NA:14.5^M:1.7%|7:FRA:France:N:EU:8.3^M:1.0%|8:IND:India:S:AS:7.0^M:0.8%|9:NLD:Netherlands:N:EU:6.8^M:0.8%|10:ISR:Israel:S:AS:5.6^M:0.7%|11:UZB:Uzbekistan:S:AS:4.7^M:0.6%|12:AZE:Azerbaijan:S:AS:4.4^M:0.5%|13:KGZ:Kyrgyzstan:S:AS:4.2^M:0.5%|14:CAN:Canada:N:NA:4.1^M:0.5%|15:GBR:UK:N:EU:3.9^M:0.5%|16:MDA:Moldova:N:EU:3.9^M:0.5%|17:BRA:Brazil:S:SA:3.8^M:0.5%|18:LVA:Latvia:N:EU:3.7^M:0.4%|19:POL:Poland:N:EU:3.4^M:0.4%|20:ARM:Armenia:S:AS:3.3^M:0.4%|21:ITA:Italy:N:EU:2.9^M:0.3%|22:PHL:Philippines:S:AS:2.8^M:0.3%|23:CHN:China:S:AS:2.4^M:0.3%|24:GEO:Georgia:S:AS:2.4^M:0.3%|25:ESP:Spain:N:EU:2.3^M:0.3%|26:EST:Estonia:N:EU:2.3^M:0.3%|27:PAK:Pakistan:S:AS:2.1^M:0.3%|28:ROU:Romania:N:EU:2.1^M:0.2%|29:JPN:Japan:N:AS:2.0^M:0.2%|30:CZE:Czech Rep.:N:EU:1.9^M:0.2%|31:BGR:Bulgaria:N:EU:1.7^M:0.2%|32:LTU:Lithuania:N:EU:1.7^M:0.2%|33:TJK:Tajikistan:S:AS:1.5^M:0.2%|34:SRB:Rep. of Serbia:N:EU:1.4^M:0.2%|35:KOR:South Korea:N:AS:1.4^M:0.2%|36:IDN:Indonesia:S:AS:1.3^M:0.2%|37:MYS:Malaysia:S:AS:1.3^M:0.2%|38:GRC:Greece:N:EU:1.2^M:0.1%|39:AUS:Australia:N:OC:1.2^M:0.1%|40:SWE:Sweden:N:EU:1.1^M:0.1%|41:SGP:Singapore:S:AS:1.1^M:0.1%|42:DZA:Algeria:S:AF:1.0^M:0.1%|43::Unknown:X:XX:995^K:0.1%|44:HUN:Hungary:N:EU:881^K:0.1%|45:FIN:Finland:N:EU:873^K:0.1%|46:TKM:Turkmenistan:S:AS:861^K:0.1%|47:AUT:Austria:N:EU:830^K:0.10%|48:ARE:UAE:S:AS:802^K:0.10%|49:EGY:Egypt:S:AF:788^K:0.09%|50:ARG:Argentina:S:SA:723^K:0.09%,USA:0.4;JPN:0.2;DEU:1.8;GBR:0.5;IND:1.2;RUS:91.0;FRA:1.5;ITA:0.6;CAN:1.1;BRA:1.3;ESP:0.8;POL:1.4;MEX:0.2;AUS:0.5;TWN:0.1;NLD:3.4;ARG:0.5;UKR:63.9;PHL:2.2;IDN:1.0;SWE:0.9;PAK:1.8;CHN:2.3;CHE:0.7;HKG:0.4;AUT:0.9;BEL:0.8;COL:0.2;KOR:1.5;CZE:2.4;THA:0.9;CHL:0.6;ISR:7.4;MYS:1.7;FIN:1.2;PER:0.2;SGP:1.7;IRL:0.5;VNM:1.0;VEN:0.4;ROU:3.6;NOR:0.8;GRC:2.2;DNK:0.6;HUN:1.7;SAU:1.1;PRT:1.5;ZAF:1.3;NZL:0.6;ECU:0.2;NGA:0.3;SRB:3.9;EGY:2.2;KAZ:79.6;ARE:2.4;BGR:5.1;BLR:89.6;MAR:2.0;XXX:3.5;HRV:2.0;DZA:3.8;AGO:0.5;BGD:2.5;SVK:1.9;DOM:0.8;BOL:0.2;URY:0.3;GTM:0.2;AFG:0.2;KEN:0.7;SVN:1.3;CRI:0.4;LTU:12.1;PAN:0.2;AZE:31.8;EST:17.0;IRQ:0.9;LKA:2.6;GEO:19.4;BIH:2.6;TUN:3.7;PRY:0.2;LVA:33.3;SLV:0.2;KWT:1.2;HND:0.3;JOR:1.6;NPL:2.8;PRI:0.3;ALB:3.4;LBN:1.4;QAT:2.5;ARM:43.9;GHA:0.8;MKD:3.5;LUX:2.3;MDA:58.3;UZB:74.4;TZA:1.1;NIC:0.4;TUR:3.4;KHM:1.9;KGZ:80.0;CIV:2.2;OMN:3.7;CYP:10.5;MOZ:1.0;JAM:2.6;MMR:0.7;BHR:1.5;TTO:2.9;SDN:0.6;MLT:2.2;CMR:1.8;ISL:1.2;SYR:3.7;UGA:0.8;COD:0.7;MUS:3.5;ETH:1.0;REU:1.8;SEN:2.0;MNE:10.1;PSE:1.2;LBY:1.1;HTI:1.1;ZMB:1.2;MDG:1.6;ZWE:1.7;TKM:41.1;MNG:13.4;BRN:3.3;TJK:85.0;BHS:0.6;GLP:2.1;NAM:3.9;BRB:4.1;BFA:0.7;SUR:2.8;BEN:2.4;RWA:1.7;MDV:5.2;LAO:0.1;FJI:1.2;GAB:3.9;BWA:3.4;GUY:2.5;SOM:0.2;MWI:3.5;TGO:1.7;CUW:1.8;MRT:5.2;ABW:1.7;GUF:3.2;LCA:2.7;BLZ:3.6;ATG:0.9;XXX:7.2;VIR:0.3;SYC:5.4;GRD:6.4;KNA:10.7;GNQ:0.9;
#6: French Wikipedia,FR,200^M,2.7% of 7.4^B,623^M,1:FRA:France:N:EU:430^M:69.1%|2:CAN:Canada:N:NA:30.3^M:4.9%|3:BEL:Belgium:N:EU:29.3^M:4.7%|4:CHE:Switzerland:N:EU:17.4^M:2.8%|5:USA:US:N:NA:12.4^M:2.0%|6:MAR:Morocco:S:AF:11.0^M:1.8%|7:DZA:Algeria:S:AF:10.4^M:1.7%|8:DEU:Germany:N:EU:8.0^M:1.3%|9:TUN:Tunisia:S:AF:5.3^M:0.9%|10:CIV:C&ocirc;te d'Ivoire:S:AF:4.1^M:0.7%|11:GBR:UK:N:EU:4.0^M:0.6%|12:IRL:Ireland:N:EU:3.9^M:0.6%|13:COD:Congo Dem. Rep.:S:AF:3.1^M:0.5%|14:ESP:Spain:N:EU:2.8^M:0.5%|15:ITA:Italy:N:EU:2.7^M:0.4%|16:REU:Réunion:S:AS:2.7^M:0.4%|17:CMR:Cameroon:S:AF:2.5^M:0.4%|18:SEN:Senegal:S:AF:2.4^M:0.4%|19:HTI:Haiti:S:CA:2.2^M:0.4%|20:MDG:Madagascar:S:AF:1.9^M:0.3%|21:NLD:Netherlands:N:EU:1.8^M:0.3%|22:JPN:Japan:N:AS:1.8^M:0.3%|23:LUX:Luxembourg:N:EU:1.8^M:0.3%|24:CHN:China:S:AS:1.3^M:0.2%|25::Unknown:X:XX:1.2^M:0.2%|26:GIN:Guinea:S:AF:1.1^M:0.2%|27:GLP:Guadeloupe:S:CA:1.1^M:0.2%|28:RUS:Russia:N:EU:1.0^M:0.2%|29:BFA:Burkina Faso:S:AF:958^K:0.2%|30:BRA:Brazil:S:SA:948^K:0.2%|31:BEN:Benin:S:AF:851^K:0.1%|32:GAB:Gabon:S:AF:821^K:0.1%|33:SWE:Sweden:N:EU:815^K:0.1%|34:POL:Poland:N:EU:814^K:0.1%|35:LBN:Lebanon:S:AS:777^K:0.1%|36:ROU:Romania:N:EU:765^K:0.1%|37:MLI:Mali:S:AF:749^K:0.1%|38:PRT:Portugal:N:EU:729^K:0.1%|39:UKR:Ukraine:N:EU:665^K:0.1%|40:ISR:Israel:S:AS:611^K:0.10%|41:SGP:Singapore:S:AS:534^K:0.09%|42:AUS:Australia:N:OC:529^K:0.08%|43:TGO:Togo:S:AF:524^K:0.08%|44:GRC:Greece:N:EU:490^K:0.08%|45:MEX:Mexico:S:NA:471^K:0.08%|46:GUF:French Guiana:S:SA:457^K:0.07%|47:AUT:Austria:N:EU:442^K:0.07%|48:MUS:Mauritius:S:AF:432^K:0.07%|49:IDN:Indonesia:S:AS:397^K:0.06%|50:IND:India:S:AS:387^K:0.06%,USA:0.4;JPN:0.2;DEU:0.8;GBR:0.5;RUS:0.2;FRA:77.6;ITA:0.5;CAN:8.3;BRA:0.3;ESP:1.0;POL:0.3;MEX:0.2;AUS:0.2;TWN:0.1;NLD:0.9;ARG:0.2;UKR:0.4;IDN:0.3;SWE:0.7;CHN:1.3;CHE:17.5;HKG:0.3;AUT:0.5;BEL:31.8;COL:0.2;KOR:0.4;CZE:0.5;THA:0.4;CHL:0.3;ISR:0.8;MYS:0.2;FIN:0.3;PER:0.2;SGP:0.8;IRL:6.1;VNM:0.6;VEN:0.1;ROU:1.3;NOR:0.5;GRC:0.9;DNK:0.5;HUN:0.5;SAU:0.2;PRT:1.6;ZAF:0.6;NZL:0.3;ECU:0.2;NGA:0.4;SRB:0.3;EGY:0.5;KAZ:0.1;ARE:0.8;BGR:0.5;BLR:0.1;MAR:35.8;XXX:4.1;HRV:0.4;DZA:38.1;AGO:1.0;SVK:0.6;DOM:0.5;BOL:0.2;URY:0.3;KEN:0.4;SVN:1.1;CRI:0.4;LTU:0.5;PAN:0.5;AZE:0.1;EST:0.9;IRQ:0.2;GEO:0.3;BIH:0.3;TUN:46.3;LVA:0.4;KWT:0.1;JOR:0.4;ALB:0.8;LBN:9.9;QAT:1.0;ARM:0.5;GHA:0.9;MKD:0.2;LUX:26.3;MDA:0.7;TZA:0.5;TUR:0.5;KHM:2.3;CIV:80.2;CYP:0.2;MOZ:0.7;BHR:0.2;SDN:0.1;MLT:3.9;CMR:64.9;ISL:1.6;UGA:0.8;COD:84.8;MUS:12.5;ETH:0.2;REU:89.1;SEN:80.2;LBY:1.1;HTI:83.6;MDG:81.5;GIN:86.2;GLP:88.3;BFA:86.0;BEN:78.4;RWA:13.9;LAO:1.3;GAB:86.4;MLI:83.5;TGO:83.2;MRT:30.4;GUF:85.6;CYM:1.2;AND:13.0;BDI:72.5;DJI:60.8;NER:80.5;MCO:55.4;TCD:69.0;SYC:17.3;COG:88.0;SXM:0.5;VUT:7.8;CAF:100.0;COM:100.0;
#7: Italian Wikipedia,IT,70.0^M,0.9% of 7.4^B,482^M,1:ITA:Italy:N:EU:437^M:90.7%|2:DEU:Germany:N:EU:7.4^M:1.5%|3:USA:US:N:NA:6.0^M:1.2%|4:CHE:Switzerland:N:EU:4.6^M:0.9%|5:FRA:France:N:EU:3.6^M:0.7%|6:ESP:Spain:N:EU:3.3^M:0.7%|7:GBR:UK:N:EU:3.1^M:0.6%|8:JPN:Japan:N:AS:1.0^M:0.2%|9:NLD:Netherlands:N:EU:950^K:0.2%|10:BRA:Brazil:S:SA:846^K:0.2%|11:BEL:Belgium:N:EU:750^K:0.2%|12:CHN:China:S:AS:718^K:0.1%|13::Unknown:X:XX:638^K:0.1%|14:MEX:Mexico:S:NA:633^K:0.1%|15:POL:Poland:N:EU:581^K:0.1%|16:SWE:Sweden:N:EU:515^K:0.1%|17:ALB:Albania:N:EU:512^K:0.1%|18:ROU:Romania:N:EU:502^K:0.1%|19:RUS:Russia:N:EU:493^K:0.1%|20:AUT:Austria:N:EU:491^K:0.1%|21:CAN:Canada:N:NA:450^K:0.09%|22:ARG:Argentina:S:SA:407^K:0.08%|23:GRC:Greece:N:EU:386^K:0.08%|24:SGP:Singapore:S:AS:367^K:0.08%|25:AUS:Australia:N:OC:345^K:0.07%|26:PRT:Portugal:N:EU:307^K:0.06%|27:IRL:Ireland:N:EU:300^K:0.06%|28:HRV:Croatia:N:EU:279^K:0.06%|29:CZE:Czech Rep.:N:EU:244^K:0.05%|30:UKR:Ukraine:N:EU:243^K:0.05%|31:SVN:Slovenia:N:EU:219^K:0.05%|32:IND:India:S:AS:218^K:0.05%|33:HUN:Hungary:N:EU:201^K:0.04%|34:DNK:Denmark:N:EU:200^K:0.04%|35:MLT:Malta:N:EU:182^K:0.04%|36:SRB:Rep. of Serbia:N:EU:174^K:0.04%|37:ISR:Israel:S:AS:171^K:0.04%|38:NOR:Norway:N:EU:170^K:0.04%|39:BGR:Bulgaria:N:EU:167^K:0.03%|40:LUX:Luxembourg:N:EU:149^K:0.03%|41:IDN:Indonesia:S:AS:139^K:0.03%|42:COL:Colombia:S:SA:128^K:0.03%|43:MAR:Morocco:S:AF:124^K:0.03%|44:FIN:Finland:N:EU:123^K:0.03%|45:PER:Peru:S:SA:123^K:0.03%|46:SMR:San Marino:S:EU:121^K:0.03%|47:KOR:South Korea:N:AS:117^K:0.02%|48:CHL:Chile:S:SA:116^K:0.02%|49:HKG:Hong Kong:S:AS:106^K:0.02%|50:ARE:UAE:S:AS:103^K:0.02%,USA:0.2;DEU:0.8;GBR:0.4;FRA:0.6;ITA:85.7;CAN:0.1;BRA:0.3;ESP:1.2;POL:0.2;MEX:0.3;AUS:0.1;NLD:0.5;ARG:0.3;UKR:0.2;IDN:0.1;SWE:0.4;CHN:0.7;CHE:4.6;HKG:0.1;AUT:0.5;BEL:0.8;COL:0.1;KOR:0.1;CZE:0.3;THA:0.1;CHL:0.2;ISR:0.2;FIN:0.2;PER:0.2;SGP:0.6;IRL:0.5;VNM:0.1;VEN:0.2;ROU:0.9;NOR:0.3;GRC:0.7;DNK:0.4;HUN:0.4;SAU:0.1;PRT:0.7;ZAF:0.2;NZL:0.1;ECU:0.2;SRB:0.5;EGY:0.2;ARE:0.3;BGR:0.5;MAR:0.4;XXX:2.2;HRV:1.0;DZA:0.2;AGO:0.4;SVK:0.4;DOM:0.3;URY:0.3;SVN:1.4;CRI:0.2;LTU:0.4;PAN:0.1;EST:0.2;IRQ:0.2;GEO:0.2;BIH:0.5;TUN:0.7;LVA:0.4;ALB:6.5;LBN:0.4;QAT:0.2;MKD:0.4;LUX:2.2;MDA:0.9;TUR:0.1;KHM:0.3;MLT:4.7;ISL:0.2;MRT:0.2;MCO:6.3;SMR:89.0;VAT:90.9;
#8: Chinese Wikipedia,ZH,1.3^B,17.6% of 7.4^B,366^M,1:TWN:Taiwan:S:AS:191^M:52.2%|2:HKG:Hong Kong:S:AS:66.4^M:18.2%|3:USA:US:N:NA:33.8^M:9.2%|4:JPN:Japan:N:AS:12.6^M:3.4%|5:MYS:Malaysia:S:AS:11.9^M:3.2%|6:CAN:Canada:N:NA:6.3^M:1.7%|7:SGP:Singapore:S:AS:6.0^M:1.6%|8:CHN:China:S:AS:5.9^M:1.6%|9:AUS:Australia:N:OC:5.2^M:1.4%|10:DEU:Germany:N:EU:4.6^M:1.2%|11:GBR:UK:N:EU:4.1^M:1.1%|12:MAC:Macao:S:AS:3.5^M:0.9%|13:FRA:France:N:EU:1.9^M:0.5%|14:KOR:South Korea:N:AS:1.1^M:0.3%|15:ITA:Italy:N:EU:1.1^M:0.3%|16:NZL:New Zealand:N:OC:956^K:0.3%|17:NLD:Netherlands:N:EU:849^K:0.2%|18:THA:Thailand:S:AS:707^K:0.2%|19:VNM:Vietnam:S:AS:688^K:0.2%|20::Unknown:X:XX:678^K:0.2%|21:ESP:Spain:N:EU:674^K:0.2%|22:SWE:Sweden:N:EU:538^K:0.1%|23:RUS:Russia:N:EU:519^K:0.1%|24:IDN:Indonesia:S:AS:391^K:0.1%|25:PHL:Philippines:S:AS:346^K:0.09%|26:CHE:Switzerland:N:EU:294^K:0.08%|27:BGR:Bulgaria:N:EU:270^K:0.07%|28:AUT:Austria:N:EU:236^K:0.06%|29:IND:India:S:AS:234^K:0.06%|30:BEL:Belgium:N:EU:196^K:0.05%|31:IRL:Ireland:N:EU:173^K:0.05%|32:POL:Poland:N:EU:167^K:0.05%|33:KHM:Cambodia:S:AS:165^K:0.05%|34:BRA:Brazil:S:SA:163^K:0.04%|35:DNK:Denmark:N:EU:148^K:0.04%|36:NOR:Norway:N:EU:118^K:0.03%|37:ARE:UAE:S:AS:116^K:0.03%|38:PRT:Portugal:N:EU:111^K:0.03%|39:FIN:Finland:N:EU:110^K:0.03%|40:MEX:Mexico:S:NA:100^K:0.03%|41:MMR:Burma:S:AS:99^K:0.03%|42:ZAF:South Africa:S:AF:98^K:0.03%|43:CZE:Czech Rep.:N:EU:93^K:0.03%|44:HUN:Hungary:N:EU:85^K:0.02%|45:ARG:Argentina:S:SA:82^K:0.02%|46:ISR:Israel:S:AS:72^K:0.02%|47:UKR:Ukraine:N:EU:67^K:0.02%|48:PAK:Pakistan:S:AS:61^K:0.02%|49:SAU:Saudi Arabia:S:AS:60^K:0.02%|50:CHL:Chile:S:SA:59^K:0.02%,USA:1.0;JPN:1.2;DEU:0.5;GBR:0.6;FRA:0.3;ITA:0.2;CAN:1.7;ESP:0.2;AUS:2.3;TWN:89.2;NLD:0.4;PHL:0.3;IDN:0.3;SWE:0.4;CHN:5.5;CHE:0.3;HKG:67.2;AUT:0.3;BEL:0.2;KOR:1.3;CZE:0.1;THA:0.9;MYS:15.7;FIN:0.1;SGP:9.4;IRL:0.3;VNM:1.1;VEN:0.10;NOR:0.2;GRC:0.1;DNK:0.3;HUN:0.2;SAU:0.1;PRT:0.2;ZAF:0.2;NZL:2.2;EGY:0.1;KAZ:0.1;ARE:0.3;BGR:0.8;MAR:0.1;XXX:2.4;SVK:0.1;PAN:0.3;LUX:0.5;KHM:3.0;MAC:79.6;MMR:2.3;ETH:0.6;BRN:3.0;LAO:2.8;
#9: Portuguese Wikipedia,PT,290^M,3.9% of 7.4^B,336^M,1:BRA:Brazil:S:SA:240^M:71.6%|2:USA:US:N:NA:31.7^M:9.4%|3:PRT:Portugal:N:EU:25.2^M:7.5%|4:AGO:Angola:S:AF:20.9^M:6.2%|5:MOZ:Mozambique:S:AF:3.6^M:1.1%|6:DEU:Germany:N:EU:2.2^M:0.7%|7:FRA:France:N:EU:1.3^M:0.4%|8:JPN:Japan:N:AS:865^K:0.3%|9:GBR:UK:N:EU:817^K:0.2%|10:ESP:Spain:N:EU:661^K:0.2%|11:ITA:Italy:N:EU:623^K:0.2%|12:ARG:Argentina:S:SA:540^K:0.2%|13:CAN:Canada:N:NA:454^K:0.1%|14:CHE:Switzerland:N:EU:405^K:0.1%|15:NLD:Netherlands:N:EU:387^K:0.1%|16:SWE:Sweden:N:EU:348^K:0.1%|17:CPV:Cape Verde:S:AF:343^K:0.1%|18:RUS:Russia:N:EU:339^K:0.1%|19:CHN:China:S:AS:310^K:0.09%|20:UKR:Ukraine:N:EU:286^K:0.09%|21:MEX:Mexico:S:NA:276^K:0.08%|22:SGP:Singapore:S:AS:267^K:0.08%|23:IRL:Ireland:N:EU:230^K:0.07%|24:POL:Poland:N:EU:185^K:0.06%|25:CHL:Chile:S:SA:164^K:0.05%|26:BEL:Belgium:N:EU:160^K:0.05%|27:PRY:Paraguay:S:SA:158^K:0.05%|28:PER:Peru:S:SA:156^K:0.05%|29:COL:Colombia:S:SA:142^K:0.04%|30:IND:India:S:AS:120^K:0.04%|31:LUX:Luxembourg:N:EU:118^K:0.04%|32::Unknown:X:XX:115^K:0.03%|33:URY:Uruguay:S:SA:113^K:0.03%|34:ROU:Romania:N:EU:113^K:0.03%|35:BOL:Bolivia:S:SA:111^K:0.03%|36:AUS:Australia:N:OC:110^K:0.03%|37:IDN:Indonesia:S:AS:94^K:0.03%|38:NOR:Norway:N:EU:88^K:0.03%|39:TLS:Timor-Leste:S:AS:83^K:0.02%|40:ISR:Israel:S:AS:81^K:0.02%|41:VEN:Venezuela:S:SA:81^K:0.02%|42:GNB:Guinea-Bissau:S:AF:77^K:0.02%|43:DNK:Denmark:N:EU:71^K:0.02%|44:AUT:Austria:N:EU:70^K:0.02%|45:CZE:Czech Rep.:N:EU:66^K:0.02%|46:THA:Thailand:S:AS:62^K:0.02%|47:ECU:Ecuador:S:SA:62^K:0.02%|48:ZAF:South Africa:S:AF:60^K:0.02%|49:GRC:Greece:N:EU:60^K:0.02%|50:STP:S&#227;o Tom&#233; and P..:S:AF:52^K:0.02%,USA:1.0;DEU:0.2;GBR:0.1;FRA:0.2;ITA:0.1;CAN:0.1;BRA:80.0;ESP:0.2;MEX:0.1;NLD:0.2;ARG:0.4;UKR:0.2;SWE:0.3;CHN:0.3;CHE:0.4;BEL:0.2;COL:0.2;CHL:0.2;ISR:0.1;PER:0.2;SGP:0.4;IRL:0.4;VEN:0.1;ROU:0.2;NOR:0.2;GRC:0.1;DNK:0.1;PRT:54.4;ZAF:0.1;ECU:0.2;ARE:0.1;MAR:0.2;XXX:0.4;AGO:90.1;DOM:0.2;BOL:0.6;URY:0.6;CRI:0.3;PAN:0.3;EST:0.1;PRY:1.4;LUX:1.7;KHM:0.3;MOZ:81.4;MAC:0.5;SEN:1.0;GUF:0.2;CPV:84.3;TLS:28.8;GNB:80.2;STP:100.0;
#10: Polish Wikipedia,PL,43.0^M,0.6% of 7.4^B,228^M,1:POL:Poland:N:EU:203^M:89.1%|2:DEU:Germany:N:EU:4.7^M:2.1%|3:GBR:UK:N:EU:4.6^M:2.0%|4:USA:US:N:NA:3.1^M:1.3%|5:FRA:France:N:EU:1.3^M:0.6%|6:NLD:Netherlands:N:EU:1.2^M:0.5%|7:ITA:Italy:N:EU:885^K:0.4%|8:SWE:Sweden:N:EU:740^K:0.3%|9:NOR:Norway:N:EU:675^K:0.3%|10:IRL:Ireland:N:EU:614^K:0.3%|11:CZE:Czech Rep.:N:EU:547^K:0.2%|12::Unknown:X:XX:449^K:0.2%|13:CHN:China:S:AS:440^K:0.2%|14:JPN:Japan:N:AS:420^K:0.2%|15:BEL:Belgium:N:EU:409^K:0.2%|16:UKR:Ukraine:N:EU:376^K:0.2%|17:ESP:Spain:N:EU:375^K:0.2%|18:CAN:Canada:N:NA:346^K:0.2%|19:AUT:Austria:N:EU:333^K:0.1%|20:DNK:Denmark:N:EU:309^K:0.1%|21:RUS:Russia:N:EU:273^K:0.1%|22:CHE:Switzerland:N:EU:267^K:0.1%|23:GRC:Greece:N:EU:183^K:0.08%|24:SGP:Singapore:S:AS:179^K:0.08%|25:HRV:Croatia:N:EU:162^K:0.07%|26:LTU:Lithuania:N:EU:140^K:0.06%|27:BRA:Brazil:S:SA:128^K:0.06%|28:BLR:Belarus:N:EU:111^K:0.05%|29:AUS:Australia:N:OC:111^K:0.05%|30:ROU:Romania:N:EU:111^K:0.05%|31:SVK:Slovakia:N:EU:107^K:0.05%|32:HUN:Hungary:N:EU:102^K:0.04%|33:ISL:Iceland:N:EU:92^K:0.04%|34:PRT:Portugal:N:EU:86^K:0.04%|35:FIN:Finland:N:EU:86^K:0.04%|36:IDN:Indonesia:S:AS:81^K:0.04%|37:IND:India:S:AS:77^K:0.03%|38:ISR:Israel:S:AS:77^K:0.03%|39:BGR:Bulgaria:N:EU:69^K:0.03%|40:MEX:Mexico:S:NA:50^K:0.02%|41:KOR:South Korea:N:AS:44^K:0.02%|42:LUX:Luxembourg:N:EU:44^K:0.02%|43:HKG:Hong Kong:S:AS:39^K:0.02%|44:LVA:Latvia:N:EU:39^K:0.02%|45:SRB:Rep. of Serbia:N:EU:36^K:0.02%|46:VNM:Vietnam:S:AS:36^K:0.02%|47:ARE:UAE:S:AS:33^K:0.01%|48:TWN:Taiwan:S:AS:32^K:0.01%|49:MLT:Malta:N:EU:28^K:0.01%|50:THA:Thailand:S:AS:27^K:0.01%,DEU:0.5;GBR:0.6;FRA:0.2;ITA:0.2;ESP:0.1;POL:80.2;NLD:0.6;UKR:0.2;SWE:0.6;CHN:0.4;CHE:0.3;AUT:0.4;BEL:0.4;CZE:0.7;ISR:0.1;FIN:0.1;SGP:0.3;IRL:1.0;ROU:0.2;NOR:1.2;GRC:0.3;DNK:0.6;HUN:0.2;PRT:0.2;SRB:0.10;ARE:0.10;BGR:0.2;BLR:0.3;XXX:1.6;HRV:0.6;AGO:0.1;SVK:0.5;SVN:0.1;LTU:1.0;LVA:0.4;ALB:0.2;LUX:0.6;KHM:0.2;CYP:0.2;MLT:0.7;ISL:2.4;MNE:0.4;
#11: Arabic Wikipedia,AR,530^M,7.2% of 7.4^B,146^M,1:SAU:Saudi Arabia:S:AS:33.2^M:22.7%|2:EGY:Egypt:S:AF:22.3^M:15.2%|3:MAR:Morocco:S:AF:12.5^M:8.6%|4:DZA:Algeria:S:AF:12.0^M:8.2%|5:IRQ:Iraq:S:AS:8.3^M:5.7%|6:USA:US:N:NA:6.4^M:4.4%|7:JOR:Jordan:S:AS:5.5^M:3.7%|8:KWT:Kuwait:S:AS:4.8^M:3.3%|9:ARE:UAE:S:AS:4.3^M:3.0%|10:TUN:Tunisia:S:AF:3.4^M:2.3%|11:DEU:Germany:N:EU:3.0^M:2.1%|12:SDN:Sudan:S:AF:2.8^M:1.9%|13:SYR:Syria:S:AS:2.8^M:1.9%|14:LBN:Lebanon:S:AS:2.2^M:1.5%|15:ISR:Israel:S:AS:2.1^M:1.5%|16:PSE:Palestinian Terr.:S:AS:2.1^M:1.4%|17:LBY:Libya:S:AF:2.0^M:1.3%|18:OMN:Oman:S:AS:1.9^M:1.3%|19:YEM:Yemen:S:AS:1.8^M:1.2%|20:QAT:Qatar:S:AS:1.7^M:1.1%|21:BHR:Bahrain:S:AS:1.2^M:0.8%|22:FRA:France:N:EU:984^K:0.7%|23:GBR:UK:N:EU:970^K:0.7%|24:IRL:Ireland:N:EU:834^K:0.6%|25:SWE:Sweden:N:EU:697^K:0.5%|26:CAN:Canada:N:NA:614^K:0.4%|27:NLD:Netherlands:N:EU:536^K:0.4%|28:IRN:Iran:S:AS:490^K:0.3%|29:ITA:Italy:N:EU:366^K:0.3%|30:MRT:Mauritania:S:AF:287^K:0.2%|31:AUS:Australia:N:OC:268^K:0.2%|32:RUS:Russia:N:EU:231^K:0.2%|33:ESP:Spain:N:EU:212^K:0.1%|34:TUR:Turkey:S:AS:202^K:0.1%|35:IDN:Indonesia:S:AS:195^K:0.1%|36:BEL:Belgium:N:EU:189^K:0.1%|37:MYS:Malaysia:S:AS:183^K:0.1%|38:AUT:Austria:N:EU:166^K:0.1%|39:IND:India:S:AS:164^K:0.1%|40:NOR:Norway:N:EU:162^K:0.1%|41:HKG:Hong Kong:S:AS:159^K:0.1%|42:DNK:Denmark:N:EU:145^K:0.10%|43:ROU:Romania:N:EU:134^K:0.09%|44:CHN:China:S:AS:128^K:0.09%|45:UKR:Ukraine:N:EU:122^K:0.08%|46::Unknown:X:XX:118^K:0.08%|47:CHE:Switzerland:N:EU:116^K:0.08%|48:SOM:Somalia:S:AF:100^K:0.07%|49:FIN:Finland:N:EU:89^K:0.06%|50:JPN:Japan:N:AS:75^K:0.05%,USA:0.2;DEU:0.3;GBR:0.1;FRA:0.2;CAN:0.2;IRN:0.1;AUS:0.1;NLD:0.3;IDN:0.2;SWE:0.6;CHN:0.1;CHE:0.1;HKG:0.2;AUT:0.2;BEL:0.2;ISR:2.8;MYS:0.2;FIN:0.1;IRL:1.3;ROU:0.2;NOR:0.3;DNK:0.3;SAU:66.6;NGA:0.2;EGY:62.6;ARE:12.9;MAR:40.7;XXX:0.4;DZA:43.9;KEN:0.2;IRQ:62.5;TUN:29.3;KWT:48.6;JOR:61.9;LBN:27.4;QAT:21.4;TUR:3.6;KHM:0.3;CIV:0.6;OMN:38.7;BHR:29.4;SDN:73.1;CMR:0.2;SYR:74.9;ETH:0.7;SEN:1.8;PSE:72.7;LBY:72.7;YEM:84.0;MLI:3.0;SOM:11.5;MRT:49.6;DJI:2.5;TCD:19.7;SSD:15.6;
#12: Dutch Wikipedia,NL,27.0^M,0.4% of 7.4^B,144^M,1:NLD:Netherlands:N:EU:93.5^M:64.9%|2:BEL:Belgium:N:EU:30.6^M:21.3%|3:USA:US:N:NA:8.7^M:6.0%|4:DEU:Germany:N:EU:2.2^M:1.5%|5:FRA:France:N:EU:1.3^M:0.9%|6:JPN:Japan:N:AS:828^K:0.6%|7:GBR:UK:N:EU:753^K:0.5%|8:ESP:Spain:N:EU:556^K:0.4%|9::Unknown:X:XX:497^K:0.3%|10:SUR:Suriname:S:SA:474^K:0.3%|11:SGP:Singapore:S:AS:410^K:0.3%|12:ITA:Italy:N:EU:387^K:0.3%|13:CHN:China:S:AS:384^K:0.3%|14:SWE:Sweden:N:EU:187^K:0.1%|15:CAN:Canada:N:NA:182^K:0.1%|16:CHE:Switzerland:N:EU:170^K:0.1%|17:POL:Poland:N:EU:170^K:0.1%|18:DNK:Denmark:N:EU:144^K:0.10%|19:GRC:Greece:N:EU:142^K:0.10%|20:AUT:Austria:N:EU:137^K:0.10%|21:PRT:Portugal:N:EU:136^K:0.09%|22:CUW:Cura&#231;ao:::133^K:0.09%|23:RUS:Russia:N:EU:133^K:0.09%|24:IDN:Indonesia:S:AS:129^K:0.09%|25:BRA:Brazil:S:SA:123^K:0.09%|26:NOR:Norway:N:EU:104^K:0.07%|27:IND:India:S:AS:101^K:0.07%|28:PHL:Philippines:S:AS:92^K:0.06%|29:MAR:Morocco:S:AF:87^K:0.06%|30:ZAF:South Africa:S:AF:80^K:0.06%|31:AUS:Australia:N:OC:79^K:0.05%|32:ROU:Romania:N:EU:79^K:0.05%|33:CZE:Czech Rep.:N:EU:77^K:0.05%|34:ABW:Aruba:S:SA:67^K:0.05%|35:IRL:Ireland:N:EU:65^K:0.05%|36:HUN:Hungary:N:EU:62^K:0.04%|37:THA:Thailand:S:AS:60^K:0.04%|38:VNM:Vietnam:S:AS:60^K:0.04%|39:FIN:Finland:N:EU:59^K:0.04%|40:ISR:Israel:S:AS:59^K:0.04%|41:LUX:Luxembourg:N:EU:58^K:0.04%|42:MEX:Mexico:S:NA:58^K:0.04%|43:HRV:Croatia:N:EU:45^K:0.03%|44:UKR:Ukraine:N:EU:42^K:0.03%|45:HKG:Hong Kong:S:AS:40^K:0.03%|46:KOR:South Korea:N:AS:34^K:0.02%|47:BGR:Bulgaria:N:EU:31^K:0.02%|48:TWN:Taiwan:S:AS:29^K:0.02%|49:ARG:Argentina:S:SA:23^K:0.02%|50:ARE:UAE:S:AS:20^K:0.01%,USA:0.3;DEU:0.2;GBR:0.1;FRA:0.2;ESP:0.2;NLD:46.8;IDN:0.1;SWE:0.2;CHN:0.4;CHE:0.2;AUT:0.1;BEL:33.2;CZE:0.10;SGP:0.6;IRL:0.1;VNM:0.10;ROU:0.1;NOR:0.2;GRC:0.3;DNK:0.3;HUN:0.1;PRT:0.3;ZAF:0.2;MAR:0.3;XXX:1.8;HRV:0.2;LUX:0.9;KHM:0.2;SUR:43.6;CUW:21.5;ABW:12.4;SSD:1.0;XXX:18.9;
#13: Persian Wikipedia,FA,107^M,1.4% of 7.4^B,109^M,1:IRN:Iran:S:AS:91.3^M:83.9%|2:USA:US:N:NA:5.7^M:5.2%|3:DEU:Germany:N:EU:2.7^M:2.5%|4:GBR:UK:N:EU:1.8^M:1.7%|5:ROU:Romania:N:EU:1.2^M:1.1%|6:NLD:Netherlands:N:EU:1.1^M:1.0%|7:AFG:Afghanistan:S:AS:900^K:0.8%|8:CAN:Canada:N:NA:692^K:0.6%|9:FRA:France:N:EU:587^K:0.5%|10:CHN:China:S:AS:375^K:0.3%|11:ARE:UAE:S:AS:351^K:0.3%|12:SWE:Sweden:N:EU:297^K:0.3%|13:AUS:Australia:N:OC:173^K:0.2%|14:AUT:Austria:N:EU:139^K:0.1%|15:ITA:Italy:N:EU:134^K:0.1%|16:IRQ:Iraq:S:AS:131^K:0.1%|17:IND:India:S:AS:93^K:0.09%|18:ESP:Spain:N:EU:88^K:0.08%|19:RUS:Russia:N:EU:72^K:0.07%|20:FIN:Finland:N:EU:67^K:0.06%|21:BEL:Belgium:N:EU:64^K:0.06%|22:JPN:Japan:N:AS:63^K:0.06%|23:CHE:Switzerland:N:EU:62^K:0.06%|24:NOR:Norway:N:EU:60^K:0.06%|25:DNK:Denmark:N:EU:60^K:0.06%|26:MYS:Malaysia:S:AS:47^K:0.04%|27:KOR:South Korea:N:AS:44^K:0.04%|28:JOR:Jordan:S:AS:44^K:0.04%|29:PAK:Pakistan:S:AS:42^K:0.04%|30:IDN:Indonesia:S:AS:41^K:0.04%|31::Unknown:X:XX:32^K:0.03%|32:SGP:Singapore:S:AS:32^K:0.03%|33:KWT:Kuwait:S:AS:30^K:0.03%|34:HUN:Hungary:N:EU:30^K:0.03%|35:MAR:Morocco:S:AF:27^K:0.02%|36:GEO:Georgia:S:AS:25^K:0.02%|37:ARM:Armenia:S:AS:24^K:0.02%|38:AZE:Azerbaijan:S:AS:22^K:0.02%|39:GRC:Greece:N:EU:22^K:0.02%|40:SAU:Saudi Arabia:S:AS:20^K:0.02%|41:CZE:Czech Rep.:N:EU:20^K:0.02%|42:HKG:Hong Kong:S:AS:19^K:0.02%|43:TUR:Turkey:S:AS:18^K:0.02%|44:IRL:Ireland:N:EU:17^K:0.02%|45:BLR:Belarus:N:EU:14^K:0.01%|46:NGA:Nigeria:S:AF:10^K:0.009%|47:BRA:Brazil:S:SA:10^K:0.009%|48:KHM:Cambodia:S:AS:9.0^K:0.008%|49:PHL:Philippines:S:AS:8.0^K:0.007%|50:UKR:Ukraine:N:EU:7.0^K:0.006%,USA:0.2;DEU:0.3;GBR:0.2;FRA:0.1;CAN:0.2;IRN:27.0;NLD:0.6;SWE:0.2;CHN:0.4;AUT:0.1;ROU:2.1;NOR:0.1;DNK:0.1;ARE:1.0;XXX:0.1;AFG:5.2;AZE:0.2;IRQ:1.0;GEO:0.2;KWT:0.3;JOR:0.5;ARM:0.3;TUR:0.3;KHM:0.2;
#14: Indonesian Wikipedia,ID,250^M,3.4% of 7.4^B,91.6^M,1:IDN:Indonesia:S:AS:66.3^M:72.4%|2:USA:US:N:NA:20.2^M:22.1%|3:MYS:Malaysia:S:AS:1.4^M:1.5%|4:IND:India:S:AS:453^K:0.5%|5:SGP:Singapore:S:AS:451^K:0.5%|6:DEU:Germany:N:EU:359^K:0.4%|7:CAN:Canada:N:NA:211^K:0.2%|8:CZE:Czech Rep.:N:EU:200^K:0.2%|9:JPN:Japan:N:AS:168^K:0.2%|10:KHM:Cambodia:S:AS:155^K:0.2%|11:GBR:UK:N:EU:150^K:0.2%|12:FRA:France:N:EU:138^K:0.2%|13:CHN:China:S:AS:135^K:0.1%|14:NLD:Netherlands:N:EU:121^K:0.1%|15:HKG:Hong Kong:S:AS:116^K:0.1%|16:TWN:Taiwan:S:AS:114^K:0.1%|17::Unknown:X:XX:114^K:0.1%|18:AUS:Australia:N:OC:109^K:0.1%|19:TLS:Timor-Leste:S:AS:94^K:0.1%|20:KOR:South Korea:N:AS:56^K:0.06%|21:BRN:Brunei:S:AS:44^K:0.05%|22:ROU:Romania:N:EU:44^K:0.05%|23:BRA:Brazil:S:SA:42^K:0.05%|24:THA:Thailand:S:AS:41^K:0.04%|25:SAU:Saudi Arabia:S:AS:36^K:0.04%|26:RUS:Russia:N:EU:31^K:0.03%|27:EGY:Egypt:S:AF:31^K:0.03%|28:VNM:Vietnam:S:AS:30^K:0.03%|29:PHL:Philippines:S:AS:30^K:0.03%|30:IRQ:Iraq:S:AS:27^K:0.03%|31:PAK:Pakistan:S:AS:26^K:0.03%|32:POL:Poland:N:EU:25^K:0.03%|33:ITA:Italy:N:EU:22^K:0.02%|34:MEX:Mexico:S:NA:19^K:0.02%|35:ARE:UAE:S:AS:18^K:0.02%|36:UKR:Ukraine:N:EU:9.0^K:0.010%|37:SWE:Sweden:N:EU:8.0^K:0.009%|38:ESP:Spain:N:EU:6.0^K:0.007%|39:IRL:Ireland:N:EU:6.0^K:0.007%|40:BEL:Belgium:N:EU:4.0^K:0.004%|41:NGA:Nigeria:S:AF:3.0^K:0.003%|42:MNG:Mongolia:S:AS:3.0^K:0.003%|43:ARG:Argentina:S:SA:2.0^K:0.002%|44:CHE:Switzerland:N:EU:2.0^K:0.002%|45:SVN:Slovenia:N:EU:2.0^K:0.002%|46:ZAF:South Africa:S:AF:1.0^K:0.001%|47:HUN:Hungary:N:EU:1.0^K:0.001%|48:EST:Estonia:N:EU:1.0^K:0.001%|49:AUT:Austria:N:EU:1.0^K:0.001%|50:BGD:Bangladesh:S:AS:1.0^K:0.001%,USA:0.6;IDN:53.2;CHN:0.1;HKG:0.1;CZE:0.3;MYS:1.8;SGP:0.7;XXX:0.4;IRQ:0.2;KHM:2.8;MNG:0.1;BRN:2.3;TLS:32.6;
#15: Swedish Wikipedia,SV,10.0^M,0.1% of 7.4^B,85.5^M,1:SWE:Sweden:N:EU:66.7^M:78.0%|2:ESP:Spain:N:EU:6.4^M:7.5%|3:USA:US:N:NA:3.6^M:4.2%|4:FIN:Finland:N:EU:1.5^M:1.7%|5:JPN:Japan:N:AS:1.3^M:1.5%|6:DEU:Germany:N:EU:1.1^M:1.2%|7:NOR:Norway:N:EU:745^K:0.9%|8:SGP:Singapore:S:AS:637^K:0.7%|9:DNK:Denmark:N:EU:440^K:0.5%|10:FRA:France:N:EU:389^K:0.5%|11:GBR:UK:N:EU:297^K:0.3%|12::Unknown:X:XX:209^K:0.2%|13:CHN:China:S:AS:194^K:0.2%|14:ITA:Italy:N:EU:178^K:0.2%|15:POL:Poland:N:EU:156^K:0.2%|16:NLD:Netherlands:N:EU:136^K:0.2%|17:GRC:Greece:N:EU:128^K:0.1%|18:ALA:Åland Islands:N:EU:120^K:0.1%|19:CAN:Canada:N:NA:118^K:0.1%|20:RUS:Russia:N:EU:111^K:0.1%|21:BEL:Belgium:N:EU:80^K:0.09%|22:CHE:Switzerland:N:EU:80^K:0.09%|23:IND:India:S:AS:78^K:0.09%|24:BRA:Brazil:S:SA:74^K:0.09%|25:CZE:Czech Rep.:N:EU:62^K:0.07%|26:AUS:Australia:N:OC:61^K:0.07%|27:AUT:Austria:N:EU:60^K:0.07%|28:IDN:Indonesia:S:AS:59^K:0.07%|29:THA:Thailand:S:AS:57^K:0.07%|30:HUN:Hungary:N:EU:55^K:0.06%|31:HRV:Croatia:N:EU:53^K:0.06%|32:PRT:Portugal:N:EU:50^K:0.06%|33:ROU:Romania:N:EU:46^K:0.05%|34:IRL:Ireland:N:EU:37^K:0.04%|35:HKG:Hong Kong:S:AS:34^K:0.04%|36:EST:Estonia:N:EU:32^K:0.04%|37:KOR:South Korea:N:AS:31^K:0.04%|38:UKR:Ukraine:N:EU:30^K:0.04%|39:PHL:Philippines:S:AS:29^K:0.03%|40:SVK:Slovakia:N:EU:26^K:0.03%|41:ISL:Iceland:N:EU:21^K:0.02%|42:MEX:Mexico:S:NA:18^K:0.02%|43:VNM:Vietnam:S:AS:17^K:0.02%|44:CYP:Cyprus:N:EU:13^K:0.02%|45:SRB:Rep. of Serbia:N:EU:10^K:0.01%|46:KHM:Cambodia:S:AS:10^K:0.01%|47:LVA:Latvia:N:EU:9.0^K:0.01%|48:ALB:Albania:N:EU:8.0^K:0.009%|49:LTU:Lithuania:N:EU:5.0^K:0.006%|50:ISR:Israel:S:AS:5.0^K:0.006%,USA:0.1;JPN:0.1;DEU:0.1;ESP:2.3;SWE:53.8;CHN:0.2;FIN:2.0;SGP:1.0;NOR:1.4;GRC:0.2;DNK:0.8;HUN:0.1;PRT:0.1;XXX:0.7;HRV:0.2;SVK:0.1;EST:0.2;ALB:0.1;KHM:0.2;CYP:0.3;MLT:0.1;ISL:0.6;ALA:53.8;
#16: Korean Wikipedia,KO,78.0^M,1.1% of 7.4^B,70.1^M,1:KOR:South Korea:N:AS:60.7^M:86.6%|2:USA:US:N:NA:3.8^M:5.4%|3:DEU:Germany:N:EU:1.3^M:1.9%|4:JPN:Japan:N:AS:951^K:1.4%|5:CHN:China:S:AS:673^K:1.0%|6:CAN:Canada:N:NA:374^K:0.5%|7:SGP:Singapore:S:AS:230^K:0.3%|8:FRA:France:N:EU:205^K:0.3%|9:TWN:Taiwan:S:AS:203^K:0.3%|10:AUS:Australia:N:OC:189^K:0.3%|11:GBR:UK:N:EU:158^K:0.2%|12:HKG:Hong Kong:S:AS:155^K:0.2%|13:VNM:Vietnam:S:AS:138^K:0.2%|14:IDN:Indonesia:S:AS:127^K:0.2%|15:PHL:Philippines:S:AS:111^K:0.2%|16::Unknown:X:XX:110^K:0.2%|17:RUS:Russia:N:EU:76^K:0.1%|18:THA:Thailand:S:AS:74^K:0.1%|19:MYS:Malaysia:S:AS:70^K:0.10%|20:ITA:Italy:N:EU:66^K:0.09%|21:NZL:New Zealand:N:OC:63^K:0.09%|22:BRA:Brazil:S:SA:61^K:0.09%|23:IND:India:S:AS:56^K:0.08%|24:ESP:Spain:N:EU:50^K:0.07%|25:NLD:Netherlands:N:EU:34^K:0.05%|26:POL:Poland:N:EU:21^K:0.03%|27:MEX:Mexico:S:NA:16^K:0.02%|28:SWE:Sweden:N:EU:15^K:0.02%|29:KHM:Cambodia:S:AS:13^K:0.02%|30:ROU:Romania:N:EU:9.0^K:0.01%|31:ARE:UAE:S:AS:8.0^K:0.01%|32:CHE:Switzerland:N:EU:8.0^K:0.01%|33:CZE:Czech Rep.:N:EU:7.0^K:0.010%|34:NGA:Nigeria:S:AF:7.0^K:0.010%|35:AGO:Angola:S:AF:4.0^K:0.006%|36:BEL:Belgium:N:EU:4.0^K:0.006%|37:VEN:Venezuela:S:SA:2.0^K:0.003%|38:SVN:Slovenia:N:EU:2.0^K:0.003%|39:HUN:Hungary:N:EU:1.0^K:0.001%|40:EST:Estonia:N:EU:1.0^K:0.001%|41:UKR:Ukraine:N:EU:1.0^K:0.001%|42:PAK:Pakistan:S:AS:1.0^K:0.001%|43:IRN:Iran:S:AS:1.0^K:0.001%|44:MAR:Morocco:S:AF:1.0^K:0.001%|45:IRL:Ireland:N:EU:1.0^K:0.001%|46:LKA:Sri Lanka:S:AS:1.0^K:0.001%,USA:0.1;DEU:0.1;CAN:0.1;IDN:0.1;CHN:0.6;HKG:0.2;KOR:66.7;SGP:0.4;VNM:0.2;NZL:0.1;XXX:0.4;KHM:0.2;
#17: Czech Wikipedia,CS,12.0^M,0.2% of 7.4^B,60.5^M,1:CZE:Czech Rep.:N:EU:53.0^M:87.7%|2:SVK:Slovakia:N:EU:2.6^M:4.2%|3:USA:US:N:NA:1.3^M:2.1%|4:DEU:Germany:N:EU:841^K:1.4%|5:GBR:UK:N:EU:315^K:0.5%|6:FRA:France:N:EU:292^K:0.5%|7:CHN:China:S:AS:282^K:0.5%|8:POL:Poland:N:EU:204^K:0.3%|9::Unknown:X:XX:182^K:0.3%|10:AUT:Austria:N:EU:159^K:0.3%|11:ITA:Italy:N:EU:126^K:0.2%|12:CAN:Canada:N:NA:113^K:0.2%|13:HRV:Croatia:N:EU:103^K:0.2%|14:NLD:Netherlands:N:EU:101^K:0.2%|15:RUS:Russia:N:EU:98^K:0.2%|16:CHE:Switzerland:N:EU:78^K:0.1%|17:BGR:Bulgaria:N:EU:71^K:0.1%|18:ESP:Spain:N:EU:69^K:0.1%|19:IRL:Ireland:N:EU:60^K:0.10%|20:SWE:Sweden:N:EU:55^K:0.09%|21:BEL:Belgium:N:EU:49^K:0.08%|22:HUN:Hungary:N:EU:47^K:0.08%|23:GRC:Greece:N:EU:46^K:0.08%|24:IND:India:S:AS:40^K:0.07%|25:UKR:Ukraine:N:EU:31^K:0.05%|26:IDN:Indonesia:S:AS:28^K:0.05%|27:JPN:Japan:N:AS:27^K:0.04%|28:HKG:Hong Kong:S:AS:25^K:0.04%|29:DNK:Denmark:N:EU:25^K:0.04%|30:ROU:Romania:N:EU:24^K:0.04%|31:FIN:Finland:N:EU:19^K:0.03%|32:NOR:Norway:N:EU:17^K:0.03%|33:KOR:South Korea:N:AS:15^K:0.02%|34:BRA:Brazil:S:SA:12^K:0.02%|35:KHM:Cambodia:S:AS:11^K:0.02%|36:SVN:Slovenia:N:EU:11^K:0.02%|37:AUS:Australia:N:OC:10^K:0.02%|38:VNM:Vietnam:S:AS:9.0^K:0.01%|39:SRB:Rep. of Serbia:N:EU:8.0^K:0.01%|40:NGA:Nigeria:S:AF:5.0^K:0.008%|41:ISR:Israel:S:AS:4.0^K:0.007%|42:PHL:Philippines:S:AS:4.0^K:0.007%|43:NZL:New Zealand:N:OC:4.0^K:0.007%|44:TWN:Taiwan:S:AS:2.0^K:0.003%|45:EST:Estonia:N:EU:2.0^K:0.003%|46:THA:Thailand:S:AS:1.0^K:0.002%|47:PAK:Pakistan:S:AS:1.0^K:0.002%|48:VEN:Venezuela:S:SA:1.0^K:0.002%|49:GTM:Guatemala:S:CA:1.0^K:0.002%|50:BLR:Belarus:N:EU:1.0^K:0.002%,CHN:0.3;AUT:0.2;CZE:67.7;IRL:0.10;BGR:0.2;XXX:0.6;HRV:0.4;SVK:11.7;KHM:0.2;
#18: Thai Wikipedia,TH,73.0^M,1.0% of 7.4^B,56.1^M,1:THA:Thailand:S:AS:52.7^M:93.9%|2:USA:US:N:NA:1.0^M:1.8%|3:JPN:Japan:N:AS:588^K:1.0%|4:LAO:Laos:S:AS:454^K:0.8%|5:DEU:Germany:N:EU:336^K:0.6%|6:SGP:Singapore:S:AS:121^K:0.2%|7:AUS:Australia:N:OC:107^K:0.2%|8:GBR:UK:N:EU:99^K:0.2%|9:FRA:France:N:EU:94^K:0.2%|10:TWN:Taiwan:S:AS:55^K:0.10%|11:VNM:Vietnam:S:AS:50^K:0.09%|12:CAN:Canada:N:NA:45^K:0.08%|13:CHN:China:S:AS:44^K:0.08%|14:KOR:South Korea:N:AS:44^K:0.08%|15:SWE:Sweden:N:EU:44^K:0.08%|16:KHM:Cambodia:S:AS:43^K:0.08%|17::Unknown:X:XX:42^K:0.07%|18:HKG:Hong Kong:S:AS:39^K:0.07%|19:MYS:Malaysia:S:AS:36^K:0.06%|20:IRL:Ireland:N:EU:30^K:0.05%|21:ZAF:South Africa:S:AF:25^K:0.04%|22:IDN:Indonesia:S:AS:25^K:0.04%|23:ESP:Spain:N:EU:19^K:0.03%|24:NLD:Netherlands:N:EU:15^K:0.03%|25:CHE:Switzerland:N:EU:13^K:0.02%|26:NOR:Norway:N:EU:12^K:0.02%|27:IND:India:S:AS:10^K:0.02%|28:ITA:Italy:N:EU:8.0^K:0.01%|29:RUS:Russia:N:EU:5.0^K:0.009%|30:MMR:Burma:S:AS:4.0^K:0.007%|31:CZE:Czech Rep.:N:EU:3.0^K:0.005%|32:ROU:Romania:N:EU:3.0^K:0.005%|33:NZL:New Zealand:N:OC:3.0^K:0.005%|34:PAK:Pakistan:S:AS:2.0^K:0.004%|35:NGA:Nigeria:S:AF:2.0^K:0.004%|36:BRA:Brazil:S:SA:2.0^K:0.004%|37:PHL:Philippines:S:AS:2.0^K:0.004%|38:BEL:Belgium:N:EU:1.0^K:0.002%|39:SVN:Slovenia:N:EU:1.0^K:0.002%|40:VEN:Venezuela:S:SA:1.0^K:0.002%,THA:67.3;SGP:0.2;XXX:0.1;KHM:0.8;LAO:47.0;
#19: Finnish Wikipedia,FI,6.0^M,0.08% of 7.4^B,48.9^M,1:FIN:Finland:N:EU:44.6^M:91.3%|2:USA:US:N:NA:1.4^M:2.8%|3:DEU:Germany:N:EU:661^K:1.4%|4:SWE:Sweden:N:EU:302^K:0.6%|5:FRA:France:N:EU:186^K:0.4%|6:GBR:UK:N:EU:159^K:0.3%|7:ESP:Spain:N:EU:128^K:0.3%|8:NLD:Netherlands:N:EU:117^K:0.2%|9:EST:Estonia:N:EU:115^K:0.2%|10::Unknown:X:XX:107^K:0.2%|11:RUS:Russia:N:EU:105^K:0.2%|12:ITA:Italy:N:EU:96^K:0.2%|13:CHN:China:S:AS:96^K:0.2%|14:DNK:Denmark:N:EU:78^K:0.2%|15:CAN:Canada:N:NA:73^K:0.1%|16:NOR:Norway:N:EU:68^K:0.1%|17:POL:Poland:N:EU:59^K:0.1%|18:GRC:Greece:N:EU:58^K:0.1%|19:JPN:Japan:N:AS:58^K:0.1%|20:CHE:Switzerland:N:EU:56^K:0.1%|21:BEL:Belgium:N:EU:46^K:0.09%|22:AUT:Austria:N:EU:37^K:0.08%|23:HRV:Croatia:N:EU:35^K:0.07%|24:CZE:Czech Rep.:N:EU:28^K:0.06%|25:IDN:Indonesia:S:AS:27^K:0.06%|26:HKG:Hong Kong:S:AS:22^K:0.04%|27:BRA:Brazil:S:SA:21^K:0.04%|28:PRT:Portugal:N:EU:21^K:0.04%|29:ROU:Romania:N:EU:21^K:0.04%|30:THA:Thailand:S:AS:19^K:0.04%|31:UKR:Ukraine:N:EU:13^K:0.03%|32:IND:India:S:AS:13^K:0.03%|33:KOR:South Korea:N:AS:10^K:0.02%|34:HUN:Hungary:N:EU:9.0^K:0.02%|35:KHM:Cambodia:S:AS:7.0^K:0.01%|36:ALA:Åland Islands:N:EU:7.0^K:0.01%|37:AUS:Australia:N:OC:5.0^K:0.01%|38:NGA:Nigeria:S:AF:4.0^K:0.008%|39:LVA:Latvia:N:EU:4.0^K:0.008%|40:PHL:Philippines:S:AS:3.0^K:0.006%|41:IRL:Ireland:N:EU:3.0^K:0.006%|42:SVN:Slovenia:N:EU:3.0^K:0.006%|43:TWN:Taiwan:S:AS:2.0^K:0.004%|44:ISR:Israel:S:AS:2.0^K:0.004%|45:VNM:Vietnam:S:AS:2.0^K:0.004%|46:LUX:Luxembourg:N:EU:2.0^K:0.004%|47:PAK:Pakistan:S:AS:1.0^K:0.002%|48:LTU:Lithuania:N:EU:1.0^K:0.002%|49:SRB:Rep. of Serbia:N:EU:1.0^K:0.002%|50:VEN:Venezuela:S:SA:1.0^K:0.002%,SWE:0.2;FIN:59.4;NOR:0.1;GRC:0.1;DNK:0.1;XXX:0.4;HRV:0.1;EST:0.9;KHM:0.1;ALA:3.1;
#20: Vietnamese Wikipedia,VI,80.0^M,1.1% of 7.4^B,46.6^M,1:VNM:Vietnam:S:AS:42.3^M:90.8%|2:USA:US:N:NA:1.7^M:3.7%|3:DEU:Germany:N:EU:350^K:0.8%|4:JPN:Japan:N:AS:347^K:0.7%|5:CAN:Canada:N:NA:309^K:0.7%|6:AUS:Australia:N:OC:207^K:0.4%|7:FRA:France:N:EU:196^K:0.4%|8:KOR:South Korea:N:AS:160^K:0.3%|9:TWN:Taiwan:S:AS:128^K:0.3%|10:RUS:Russia:N:EU:119^K:0.3%|11:CHN:China:S:AS:103^K:0.2%|12:GBR:UK:N:EU:65^K:0.1%|13:SGP:Singapore:S:AS:60^K:0.1%|14:CZE:Czech Rep.:N:EU:59^K:0.1%|15:IDN:Indonesia:S:AS:56^K:0.1%|16:MYS:Malaysia:S:AS:52^K:0.1%|17:PHL:Philippines:S:AS:41^K:0.09%|18:KHM:Cambodia:S:AS:39^K:0.08%|19::Unknown:X:XX:38^K:0.08%|20:THA:Thailand:S:AS:35^K:0.08%|21:ITA:Italy:N:EU:32^K:0.07%|22:LAO:Laos:S:AS:30^K:0.06%|23:HKG:Hong Kong:S:AS:30^K:0.06%|24:NLD:Netherlands:N:EU:28^K:0.06%|25:IND:India:S:AS:11^K:0.02%|26:SWE:Sweden:N:EU:7.0^K:0.02%|27:ESP:Spain:N:EU:7.0^K:0.02%|28:BRA:Brazil:S:SA:7.0^K:0.02%|29:ROU:Romania:N:EU:6.0^K:0.01%|30:BEL:Belgium:N:EU:5.0^K:0.01%|31:POL:Poland:N:EU:5.0^K:0.01%|32:UKR:Ukraine:N:EU:4.0^K:0.009%|33:NGA:Nigeria:S:AF:3.0^K:0.006%|34:SVN:Slovenia:N:EU:2.0^K:0.004%|35:CHE:Switzerland:N:EU:2.0^K:0.004%|36:VEN:Venezuela:S:SA:1.0^K:0.002%|37:HUN:Hungary:N:EU:1.0^K:0.002%|38:EST:Estonia:N:EU:1.0^K:0.002%|39:FIN:Finland:N:EU:1.0^K:0.002%,CHN:0.10;KOR:0.2;VNM:68.2;XXX:0.1;KHM:0.7;LAO:3.1;
#21: Hebrew Wikipedia,HE,8.2^M,0.1% of 7.4^B,46.1^M,1:ISR:Israel:S:AS:42.4^M:91.9%|2:USA:US:N:NA:1.4^M:3.1%|3:DEU:Germany:N:EU:718^K:1.6%|4:FRA:France:N:EU:198^K:0.4%|5:GBR:UK:N:EU:145^K:0.3%|6:CHN:China:S:AS:136^K:0.3%|7:CAN:Canada:N:NA:129^K:0.3%|8:ITA:Italy:N:EU:99^K:0.2%|9::Unknown:X:XX:90^K:0.2%|10:NLD:Netherlands:N:EU:81^K:0.2%|11:BEL:Belgium:N:EU:76^K:0.2%|12:RUS:Russia:N:EU:62^K:0.1%|13:HKG:Hong Kong:S:AS:50^K:0.1%|14:POL:Poland:N:EU:44^K:0.10%|15:ROU:Romania:N:EU:40^K:0.09%|16:ESP:Spain:N:EU:39^K:0.08%|17:IND:India:S:AS:35^K:0.08%|18:AUS:Australia:N:OC:35^K:0.08%|19:UKR:Ukraine:N:EU:34^K:0.07%|20:GRC:Greece:N:EU:32^K:0.07%|21:JPN:Japan:N:AS:31^K:0.07%|22:THA:Thailand:S:AS:29^K:0.06%|23:MEX:Mexico:S:NA:29^K:0.06%|24:CHE:Switzerland:N:EU:27^K:0.06%|25:IDN:Indonesia:S:AS:27^K:0.06%|26:CZE:Czech Rep.:N:EU:24^K:0.05%|27:HUN:Hungary:N:EU:13^K:0.03%|28:BRA:Brazil:S:SA:12^K:0.03%|29:AUT:Austria:N:EU:12^K:0.03%|30:IRL:Ireland:N:EU:11^K:0.02%|31:SWE:Sweden:N:EU:10^K:0.02%|32:KOR:South Korea:N:AS:8.0^K:0.02%|33:MYS:Malaysia:S:AS:8.0^K:0.02%|34:KHM:Cambodia:S:AS:5.0^K:0.01%|35:BLR:Belarus:N:EU:4.0^K:0.009%|36:NGA:Nigeria:S:AF:4.0^K:0.009%|37:TWN:Taiwan:S:AS:3.0^K:0.007%|38:EST:Estonia:N:EU:3.0^K:0.007%|39:MAR:Morocco:S:AF:2.0^K:0.004%|40:PHL:Philippines:S:AS:2.0^K:0.004%|41:CYP:Cyprus:N:EU:2.0^K:0.004%|42:SVN:Slovenia:N:EU:2.0^K:0.004%|43:LVA:Latvia:N:EU:2.0^K:0.004%|44:SVK:Slovakia:N:EU:2.0^K:0.004%|45:VEN:Venezuela:S:SA:1.0^K:0.002%|46:PAK:Pakistan:S:AS:1.0^K:0.002%|47:VNM:Vietnam:S:AS:1.0^K:0.002%,CHN:0.1;ISR:55.7;XXX:0.3;
#22: Hungarian Wikipedia,HU,15.0^M,0.2% of 7.4^B,37.8^M,1:HUN:Hungary:N:EU:30.8^M:81.4%|2:ROU:Romania:N:EU:1.6^M:4.3%|3:DEU:Germany:N:EU:993^K:2.6%|4:USA:US:N:NA:790^K:2.1%|5:SVK:Slovakia:N:EU:721^K:1.9%|6:GBR:UK:N:EU:486^K:1.3%|7:AUT:Austria:N:EU:326^K:0.9%|8:SRB:Rep. of Serbia:N:EU:315^K:0.8%|9:FRA:France:N:EU:191^K:0.5%|10:CHN:China:S:AS:141^K:0.4%|11::Unknown:X:XX:118^K:0.3%|12:CHE:Switzerland:N:EU:117^K:0.3%|13:UKR:Ukraine:N:EU:117^K:0.3%|14:CAN:Canada:N:NA:108^K:0.3%|15:NLD:Netherlands:N:EU:105^K:0.3%|16:ITA:Italy:N:EU:105^K:0.3%|17:POL:Poland:N:EU:99^K:0.3%|18:SWE:Sweden:N:EU:80^K:0.2%|19:CZE:Czech Rep.:N:EU:72^K:0.2%|20:ESP:Spain:N:EU:66^K:0.2%|21:BEL:Belgium:N:EU:62^K:0.2%|22:IRL:Ireland:N:EU:59^K:0.2%|23:HRV:Croatia:N:EU:59^K:0.2%|24:ISR:Israel:S:AS:41^K:0.1%|25:RUS:Russia:N:EU:35^K:0.09%|26:DNK:Denmark:N:EU:30^K:0.08%|27:IDN:Indonesia:S:AS:26^K:0.07%|28:HKG:Hong Kong:S:AS:19^K:0.05%|29:GRC:Greece:N:EU:18^K:0.05%|30:NOR:Norway:N:EU:14^K:0.04%|31:AUS:Australia:N:OC:12^K:0.03%|32:BRA:Brazil:S:SA:11^K:0.03%|33:JPN:Japan:N:AS:9.0^K:0.02%|34:IND:India:S:AS:8.0^K:0.02%|35:KOR:South Korea:N:AS:8.0^K:0.02%|36:SVN:Slovenia:N:EU:4.0^K:0.01%|37:KHM:Cambodia:S:AS:4.0^K:0.01%|38:BIH:Bosnia:N:EU:3.0^K:0.008%|39:NGA:Nigeria:S:AF:3.0^K:0.008%|40:PHL:Philippines:S:AS:2.0^K:0.005%|41:TWN:Taiwan:S:AS:2.0^K:0.005%|42:FIN:Finland:N:EU:2.0^K:0.005%|43:VNM:Vietnam:S:AS:2.0^K:0.005%|44:VEN:Venezuela:S:SA:1.0^K:0.003%|45:PRT:Portugal:N:EU:1.0^K:0.003%|46:MEX:Mexico:S:NA:1.0^K:0.003%|47:BGR:Bulgaria:N:EU:1.0^K:0.003%|48:ARE:UAE:S:AS:1.0^K:0.003%|49:EST:Estonia:N:EU:1.0^K:0.003%,DEU:0.1;CHN:0.1;CHE:0.1;AUT:0.3;ROU:2.8;HUN:60.0;SRB:0.9;XXX:0.4;HRV:0.2;SVK:3.3;
#23: Ukrainian Wikipedia,UK,45.0^M,0.6% of 7.4^B,37.4^M,1:UKR:Ukraine:N:EU:28.5^M:76.1%|2:DEU:Germany:N:EU:2.4^M:6.4%|3:USA:US:N:NA:1.5^M:3.9%|4:NLD:Netherlands:N:EU:1.1^M:3.0%|5:RUS:Russia:N:EU:803^K:2.1%|6:POL:Poland:N:EU:535^K:1.4%|7:FRA:France:N:EU:417^K:1.1%|8:GBR:UK:N:EU:355^K:0.9%|9:CAN:Canada:N:NA:283^K:0.8%|10:ROU:Romania:N:EU:179^K:0.5%|11:ITA:Italy:N:EU:148^K:0.4%|12:CZE:Czech Rep.:N:EU:131^K:0.4%|13:DNK:Denmark:N:EU:124^K:0.3%|14:CHN:China:S:AS:119^K:0.3%|15::Unknown:X:XX:114^K:0.3%|16:ESP:Spain:N:EU:88^K:0.2%|17:BLR:Belarus:N:EU:75^K:0.2%|18:ISR:Israel:S:AS:61^K:0.2%|19:HKG:Hong Kong:S:AS:50^K:0.1%|20:JPN:Japan:N:AS:47^K:0.1%|21:SWE:Sweden:N:EU:42^K:0.1%|22:SGP:Singapore:S:AS:38^K:0.1%|23:IDN:Indonesia:S:AS:32^K:0.09%|24:SVK:Slovakia:N:EU:32^K:0.09%|25:BGR:Bulgaria:N:EU:31^K:0.08%|26:LVA:Latvia:N:EU:27^K:0.07%|27:AUT:Austria:N:EU:27^K:0.07%|28:LUX:Luxembourg:N:EU:19^K:0.05%|29:EST:Estonia:N:EU:18^K:0.05%|30:PRT:Portugal:N:EU:15^K:0.04%|31:CHE:Switzerland:N:EU:15^K:0.04%|32:IND:India:S:AS:14^K:0.04%|33:BEL:Belgium:N:EU:13^K:0.03%|34:MDA:Moldova:N:EU:12^K:0.03%|35:KAZ:Kazakhstan:S:AS:11^K:0.03%|36:KOR:South Korea:N:AS:9.0^K:0.02%|37:KHM:Cambodia:S:AS:9.0^K:0.02%|38:HUN:Hungary:N:EU:9.0^K:0.02%|39:BRA:Brazil:S:SA:8.0^K:0.02%|40:NGA:Nigeria:S:AF:7.0^K:0.02%|41:GRC:Greece:N:EU:4.0^K:0.01%|42:PHL:Philippines:S:AS:3.0^K:0.008%|43:SVN:Slovenia:N:EU:3.0^K:0.008%|44:VNM:Vietnam:S:AS:3.0^K:0.008%|45:VEN:Venezuela:S:SA:2.0^K:0.005%|46:TWN:Taiwan:S:AS:2.0^K:0.005%|47:THA:Thailand:S:AS:2.0^K:0.005%|48:MNE:Montenegro:N:EU:2.0^K:0.005%|49:LTU:Lithuania:N:EU:1.0^K:0.003%|50:MKD:Macedonia:N:EU:1.0^K:0.003%,DEU:0.3;RUS:0.1;POL:0.2;NLD:0.6;UKR:18.9;CHN:0.1;CZE:0.2;ROU:0.3;DNK:0.2;BLR:0.2;XXX:0.4;SVK:0.1;EST:0.1;LVA:0.2;LUX:0.3;MDA:0.2;KHM:0.2;
#24: Hindi Wikipedia,HI,550^M,7.4% of 7.4^B,30.3^M,1:IND:India:S:AS:24.5^M:80.8%|2:USA:US:N:NA:5.3^M:17.5%|3:DEU:Germany:N:EU:209^K:0.7%|4:JPN:Japan:N:AS:58^K:0.2%|5:FRA:France:N:EU:39^K:0.1%|6:ARE:UAE:S:AS:31^K:0.1%|7:NPL:Nepal:S:AS:31^K:0.1%|8:SAU:Saudi Arabia:S:AS:30^K:0.10%|9:SGP:Singapore:S:AS:21^K:0.07%|10:CHN:China:S:AS:21^K:0.07%|11::Unknown:X:XX:16^K:0.05%|12:IDN:Indonesia:S:AS:16^K:0.05%|13:CAN:Canada:N:NA:12^K:0.04%|14:GBR:UK:N:EU:5.0^K:0.02%|15:BRA:Brazil:S:SA:5.0^K:0.02%|16:HKG:Hong Kong:S:AS:4.0^K:0.01%|17:ITA:Italy:N:EU:4.0^K:0.01%|18:CZE:Czech Rep.:N:EU:4.0^K:0.01%|19:ESP:Spain:N:EU:3.0^K:0.010%|20:RUS:Russia:N:EU:2.0^K:0.007%|21:KHM:Cambodia:S:AS:2.0^K:0.007%|22:NGA:Nigeria:S:AF:2.0^K:0.007%|23:PHL:Philippines:S:AS:1.0^K:0.003%|24:SWE:Sweden:N:EU:1.0^K:0.003%|25:KOR:South Korea:N:AS:1.0^K:0.003%|26:SVN:Slovenia:N:EU:1.0^K:0.003%|27:ROU:Romania:N:EU:1.0^K:0.003%|28:TWN:Taiwan:S:AS:1.0^K:0.003%|29:NLD:Netherlands:N:EU:1.0^K:0.003%|30:VNM:Vietnam:S:AS:1.0^K:0.003%,USA:0.2;IND:4.2;NPL:0.4;
#25: Norwegian Wikipedia,NO,4.7^M,0.06% of 7.4^B,27.3^M,1:NOR:Norway:N:EU:23.5^M:86.2%|2:USA:US:N:NA:1.0^M:3.7%|3:DEU:Germany:N:EU:435^K:1.6%|4:DNK:Denmark:N:EU:374^K:1.4%|5:SWE:Sweden:N:EU:368^K:1.3%|6:FRA:France:N:EU:192^K:0.7%|7:JPN:Japan:N:AS:180^K:0.7%|8:CHN:China:S:AS:142^K:0.5%|9:GBR:UK:N:EU:119^K:0.4%|10:ESP:Spain:N:EU:119^K:0.4%|11:SGP:Singapore:S:AS:85^K:0.3%|12:POL:Poland:N:EU:82^K:0.3%|13::Unknown:X:XX:82^K:0.3%|14:NLD:Netherlands:N:EU:74^K:0.3%|15:ITA:Italy:N:EU:70^K:0.3%|16:FIN:Finland:N:EU:59^K:0.2%|17:RUS:Russia:N:EU:46^K:0.2%|18:CAN:Canada:N:NA:43^K:0.2%|19:GRC:Greece:N:EU:37^K:0.1%|20:BRA:Brazil:S:SA:33^K:0.1%|21:IDN:Indonesia:S:AS:24^K:0.09%|22:CHE:Switzerland:N:EU:19^K:0.07%|23:HKG:Hong Kong:S:AS:18^K:0.07%|24:BEL:Belgium:N:EU:18^K:0.07%|25:IND:India:S:AS:16^K:0.06%|26:ROU:Romania:N:EU:15^K:0.05%|27:KOR:South Korea:N:AS:13^K:0.05%|28:HRV:Croatia:N:EU:13^K:0.05%|29:HUN:Hungary:N:EU:10^K:0.04%|30:CZE:Czech Rep.:N:EU:9.0^K:0.03%|31:AUS:Australia:N:OC:9.0^K:0.03%|32:THA:Thailand:S:AS:6.0^K:0.02%|33:KHM:Cambodia:S:AS:6.0^K:0.02%|34:UKR:Ukraine:N:EU:6.0^K:0.02%|35:EST:Estonia:N:EU:5.0^K:0.02%|36:TWN:Taiwan:S:AS:4.0^K:0.01%|37:NGA:Nigeria:S:AF:3.0^K:0.01%|38:PHL:Philippines:S:AS:3.0^K:0.01%|39:VNM:Vietnam:S:AS:2.0^K:0.007%|40:SVN:Slovenia:N:EU:2.0^K:0.007%|41:IRL:Ireland:N:EU:2.0^K:0.007%|42:ISR:Israel:S:AS:1.0^K:0.004%|43:VEN:Venezuela:S:SA:1.0^K:0.004%|44:EGY:Egypt:S:AF:1.0^K:0.004%,SWE:0.3;CHN:0.1;SGP:0.1;NOR:42.7;DNK:0.7;XXX:0.3;KHM:0.1;
#26: Romanian Wikipedia,RO,28.0^M,0.4% of 7.4^B,26.4^M,1:ROU:Romania:N:EU:21.0^M:79.6%|2:MDA:Moldova:N:EU:1.1^M:4.1%|3:DEU:Germany:N:EU:1.0^M:3.8%|4:USA:US:N:NA:665^K:2.5%|5:GBR:UK:N:EU:508^K:1.9%|6:ITA:Italy:N:EU:437^K:1.7%|7:FRA:France:N:EU:296^K:1.1%|8:ESP:Spain:N:EU:221^K:0.8%|9:CAN:Canada:N:NA:109^K:0.4%|10:BEL:Belgium:N:EU:101^K:0.4%|11:AUT:Austria:N:EU:99^K:0.4%|12:CHE:Switzerland:N:EU:80^K:0.3%|13:CHN:China:S:AS:79^K:0.3%|14:GRC:Greece:N:EU:77^K:0.3%|15:NLD:Netherlands:N:EU:68^K:0.3%|16:HUN:Hungary:N:EU:52^K:0.2%|17:SWE:Sweden:N:EU:52^K:0.2%|18:ISR:Israel:S:AS:50^K:0.2%|19::Unknown:X:XX:50^K:0.2%|20:RUS:Russia:N:EU:41^K:0.2%|21:DNK:Denmark:N:EU:41^K:0.2%|22:POL:Poland:N:EU:34^K:0.1%|23:UKR:Ukraine:N:EU:33^K:0.1%|24:IRL:Ireland:N:EU:31^K:0.1%|25:IDN:Indonesia:S:AS:24^K:0.09%|26:CZE:Czech Rep.:N:EU:21^K:0.08%|27:NOR:Norway:N:EU:21^K:0.08%|28:HKG:Hong Kong:S:AS:20^K:0.08%|29:BGR:Bulgaria:N:EU:19^K:0.07%|30:AGO:Angola:S:AF:16^K:0.06%|31:IND:India:S:AS:15^K:0.06%|32:BRA:Brazil:S:SA:13^K:0.05%|33:KHM:Cambodia:S:AS:5.0^K:0.02%|34:KOR:South Korea:N:AS:5.0^K:0.02%|35:NGA:Nigeria:S:AF:3.0^K:0.01%|36:PRT:Portugal:N:EU:3.0^K:0.01%|37:VNM:Vietnam:S:AS:2.0^K:0.008%|38:PHL:Philippines:S:AS:2.0^K:0.008%|39:SRB:Rep. of Serbia:N:EU:2.0^K:0.008%|40:TWN:Taiwan:S:AS:1.0^K:0.004%|41:EST:Estonia:N:EU:1.0^K:0.004%|42:EGY:Egypt:S:AF:1.0^K:0.004%|43:VEN:Venezuela:S:SA:1.0^K:0.004%|44:JPN:Japan:N:AS:1.0^K:0.004%|45:SVN:Slovenia:N:EU:1.0^K:0.004%,DEU:0.1;AUT:0.1;BEL:0.1;ROU:36.5;GRC:0.1;HUN:0.1;XXX:0.2;MDA:16.1;
#27: Turkish Wikipedia,TR,70.0^M,0.9% of 7.4^B,24.7^M,1:DEU:Germany:N:EU:3.9^M:15.9%|2:USA:US:N:NA:3.8^M:15.2%|3:TUR:Turkey:S:AS:3.3^M:13.2%|4:NLD:Netherlands:N:EU:2.6^M:10.4%|5:AZE:Azerbaijan:S:AS:2.0^M:8.3%|6:FRA:France:N:EU:1.9^M:7.5%|7:GBR:UK:N:EU:787^K:3.2%|8::Unknown:X:XX:444^K:1.8%|9:ROU:Romania:N:EU:356^K:1.4%|10:AUT:Austria:N:EU:349^K:1.4%|11:CHN:China:S:AS:340^K:1.4%|12:HKG:Hong Kong:S:AS:325^K:1.3%|13:CAN:Canada:N:NA:303^K:1.2%|14:BEL:Belgium:N:EU:279^K:1.1%|15:JPN:Japan:N:AS:276^K:1.1%|16:RUS:Russia:N:EU:255^K:1.0%|17:SGP:Singapore:S:AS:243^K:1.0%|18:BGR:Bulgaria:N:EU:241^K:1.0%|19:CHE:Switzerland:N:EU:223^K:0.9%|20:POL:Poland:N:EU:179^K:0.7%|21:ITA:Italy:N:EU:162^K:0.7%|22:SWE:Sweden:N:EU:159^K:0.6%|23:IRN:Iran:S:AS:152^K:0.6%|24:GRC:Greece:N:EU:143^K:0.6%|25:ESP:Spain:N:EU:141^K:0.6%|26:SAU:Saudi Arabia:S:AS:109^K:0.4%|27:DNK:Denmark:N:EU:102^K:0.4%|28:MKD:Macedonia:N:EU:96^K:0.4%|29:UKR:Ukraine:N:EU:95^K:0.4%|30:IRQ:Iraq:S:AS:93^K:0.4%|31:AUS:Australia:N:OC:89^K:0.4%|32:ALB:Albania:N:EU:87^K:0.4%|33:GEO:Georgia:S:AS:85^K:0.3%|34:IND:India:S:AS:75^K:0.3%|35:NOR:Norway:N:EU:69^K:0.3%|36:KAZ:Kazakhstan:S:AS:62^K:0.3%|37:SRB:Rep. of Serbia:N:EU:60^K:0.2%|38:IDN:Indonesia:S:AS:60^K:0.2%|39:TKM:Turkmenistan:S:AS:59^K:0.2%|40:DZA:Algeria:S:AF:59^K:0.2%|41:HUN:Hungary:N:EU:58^K:0.2%|42:FIN:Finland:N:EU:58^K:0.2%|43:BIH:Bosnia:N:EU:56^K:0.2%|44:MAR:Morocco:S:AF:55^K:0.2%|45:ISR:Israel:S:AS:55^K:0.2%|46:CYP:Cyprus:N:EU:52^K:0.2%|47:BRA:Brazil:S:SA:50^K:0.2%|48:CZE:Czech Rep.:N:EU:48^K:0.2%|49:IRL:Ireland:N:EU:42^K:0.2%|50:ARE:UAE:S:AS:35^K:0.1%,USA:0.1;DEU:0.4;GBR:0.1;FRA:0.3;NLD:1.3;SWE:0.1;CHN:0.3;CHE:0.2;HKG:0.3;AUT:0.4;BEL:0.3;SGP:0.4;ROU:0.6;NOR:0.1;GRC:0.3;DNK:0.2;HUN:0.1;SAU:0.2;SRB:0.2;KAZ:0.2;ARE:0.1;BGR:0.7;MAR:0.2;XXX:1.6;DZA:0.2;AZE:14.9;IRQ:0.7;GEO:0.7;BIH:0.5;TUN:0.1;ALB:1.1;QAT:0.3;MKD:1.4;UZB:0.2;TUR:58.3;KHM:0.1;KGZ:0.5;CYP:1.2;TKM:2.8;SYC:0.3;VGB:0.9;
#28: Danish Wikipedia,DA,6.0^M,0.08% of 7.4^B,24.5^M,1:DNK:Denmark:N:EU:21.5^M:87.5%|2:USA:US:N:NA:789^K:3.2%|3:DEU:Germany:N:EU:458^K:1.9%|4::Unknown:X:XX:360^K:1.5%|5:NOR:Norway:N:EU:225^K:0.9%|6:SWE:Sweden:N:EU:212^K:0.9%|7:FRA:France:N:EU:191^K:0.8%|8:FRO:Faroe Islands:N:EU:94^K:0.4%|9:GBR:UK:N:EU:89^K:0.4%|10:CHN:China:S:AS:86^K:0.4%|11:ESP:Spain:N:EU:71^K:0.3%|12:ITA:Italy:N:EU:59^K:0.2%|13:GRL:Greenland:N:EU:57^K:0.2%|14:NLD:Netherlands:N:EU:52^K:0.2%|15:CAN:Canada:N:NA:43^K:0.2%|16:RUS:Russia:N:EU:33^K:0.1%|17:POL:Poland:N:EU:32^K:0.1%|18:GRC:Greece:N:EU:28^K:0.1%|19:IDN:Indonesia:S:AS:25^K:0.1%|20:BRA:Brazil:S:SA:21^K:0.09%|21:HKG:Hong Kong:S:AS:19^K:0.08%|22:BEL:Belgium:N:EU:19^K:0.08%|23:EST:Estonia:N:EU:18^K:0.07%|24:CHE:Switzerland:N:EU:17^K:0.07%|25:ROU:Romania:N:EU:11^K:0.04%|26:IND:India:S:AS:9.0^K:0.04%|27:FIN:Finland:N:EU:8.0^K:0.03%|28:KOR:South Korea:N:AS:7.0^K:0.03%|29:CZE:Czech Rep.:N:EU:6.0^K:0.02%|30:NGA:Nigeria:S:AF:4.0^K:0.02%|31:KHM:Cambodia:S:AS:4.0^K:0.02%|32:MYS:Malaysia:S:AS:4.0^K:0.02%|33:PHL:Philippines:S:AS:3.0^K:0.01%|34:VNM:Vietnam:S:AS:2.0^K:0.008%|35:HUN:Hungary:N:EU:2.0^K:0.008%|36:UKR:Ukraine:N:EU:2.0^K:0.008%|37:TWN:Taiwan:S:AS:2.0^K:0.008%|38:SVN:Slovenia:N:EU:2.0^K:0.008%|39:IRL:Ireland:N:EU:2.0^K:0.008%|40:AUT:Austria:N:EU:1.0^K:0.004%|41:ISR:Israel:S:AS:1.0^K:0.004%,SWE:0.2;NOR:0.4;DNK:40.4;XXX:1.3;EST:0.1;FRO:23.0;GRL:42.2;
#29: Greek Wikipedia,EL,15.0^M,0.2% of 7.4^B,24.1^M,1:GRC:Greece:N:EU:20.0^M:82.9%|2:DEU:Germany:N:EU:1.9^M:7.8%|3:CYP:Cyprus:N:EU:760^K:3.1%|4:USA:US:N:NA:391^K:1.6%|5:GBR:UK:N:EU:231^K:1.0%|6:FRA:France:N:EU:123^K:0.5%|7:ITA:Italy:N:EU:74^K:0.3%|8:NLD:Netherlands:N:EU:66^K:0.3%|9:SWE:Sweden:N:EU:61^K:0.3%|10:CAN:Canada:N:NA:60^K:0.2%|11:BEL:Belgium:N:EU:59^K:0.2%|12:BGR:Bulgaria:N:EU:59^K:0.2%|13:CHN:China:S:AS:59^K:0.2%|14:CHE:Switzerland:N:EU:57^K:0.2%|15:AUS:Australia:N:OC:55^K:0.2%|16:ESP:Spain:N:EU:34^K:0.1%|17:RUS:Russia:N:EU:30^K:0.1%|18::Unknown:X:XX:23^K:0.10%|19:IDN:Indonesia:S:AS:22^K:0.09%|20:ALB:Albania:N:EU:13^K:0.05%|21:POL:Poland:N:EU:13^K:0.05%|22:ROU:Romania:N:EU:9.0^K:0.04%|23:HKG:Hong Kong:S:AS:7.0^K:0.03%|24:CZE:Czech Rep.:N:EU:6.0^K:0.02%|25:AUT:Austria:N:EU:6.0^K:0.02%|26:PHL:Philippines:S:AS:4.0^K:0.02%|27:BRA:Brazil:S:SA:4.0^K:0.02%|28:NGA:Nigeria:S:AF:4.0^K:0.02%|29:KOR:South Korea:N:AS:3.0^K:0.01%|30:KHM:Cambodia:S:AS:3.0^K:0.01%|31:BLR:Belarus:N:EU:2.0^K:0.008%|32:IND:India:S:AS:2.0^K:0.008%|33:MYS:Malaysia:S:AS:2.0^K:0.008%|34:VNM:Vietnam:S:AS:2.0^K:0.008%|35:SVN:Slovenia:N:EU:1.0^K:0.004%|36:HUN:Hungary:N:EU:1.0^K:0.004%,DEU:0.2;GRC:37.4;BGR:0.2;ALB:0.2;CYP:17.1;
#30: Bulgarian Wikipedia,BG,12.0^M,0.2% of 7.4^B,20.0^M,1:BGR:Bulgaria:N:EU:17.2^M:86.3%|2:DEU:Germany:N:EU:695^K:3.5%|3:USA:US:N:NA:505^K:2.5%|4:GBR:UK:N:EU:319^K:1.6%|5:FRA:France:N:EU:122^K:0.6%|6:RUS:Russia:N:EU:98^K:0.5%|7:ESP:Spain:N:EU:97^K:0.5%|8:ITA:Italy:N:EU:91^K:0.5%|9:GRC:Greece:N:EU:90^K:0.5%|10:CHN:China:S:AS:83^K:0.4%|11:MKD:Macedonia:N:EU:79^K:0.4%|12:NLD:Netherlands:N:EU:64^K:0.3%|13:CZE:Czech Rep.:N:EU:63^K:0.3%|14:BEL:Belgium:N:EU:60^K:0.3%|15:AUT:Austria:N:EU:60^K:0.3%|16::Unknown:X:XX:50^K:0.3%|17:CAN:Canada:N:NA:44^K:0.2%|18:UKR:Ukraine:N:EU:30^K:0.2%|19:SRB:Rep. of Serbia:N:EU:29^K:0.1%|20:POL:Poland:N:EU:29^K:0.1%|21:IDN:Indonesia:S:AS:28^K:0.1%|22:CYP:Cyprus:N:EU:23^K:0.1%|23:HKG:Hong Kong:S:AS:16^K:0.08%|24:CHE:Switzerland:N:EU:9.0^K:0.05%|25:ROU:Romania:N:EU:8.0^K:0.04%|26:IND:India:S:AS:7.0^K:0.04%|27:SWE:Sweden:N:EU:7.0^K:0.04%|28:BRA:Brazil:S:SA:5.0^K:0.03%|29:KHM:Cambodia:S:AS:5.0^K:0.03%|30:NGA:Nigeria:S:AF:4.0^K:0.02%|31:PHL:Philippines:S:AS:3.0^K:0.02%|32:KOR:South Korea:N:AS:3.0^K:0.02%|33:SVN:Slovenia:N:EU:2.0^K:0.01%|34:DNK:Denmark:N:EU:2.0^K:0.01%|35:VNM:Vietnam:S:AS:2.0^K:0.01%|36:FIN:Finland:N:EU:2.0^K:0.01%|37:IRL:Ireland:N:EU:1.0^K:0.005%|38:NOR:Norway:N:EU:1.0^K:0.005%|39:PRT:Portugal:N:EU:1.0^K:0.005%|40:PAK:Pakistan:S:AS:1.0^K:0.005%|41:HUN:Hungary:N:EU:1.0^K:0.005%|42:TWN:Taiwan:S:AS:1.0^K:0.005%,GRC:0.2;BGR:51.4;XXX:0.2;MKD:1.2;CYP:0.5;
#31: Serbian Wikipedia,SR,12.0^M,0.2% of 7.4^B,19.5^M,1:SRB:Rep. of Serbia:N:EU:13.5^M:69.2%|2:BIH:Bosnia:N:EU:1.8^M:9.2%|3:MNE:Montenegro:N:EU:873^K:4.5%|4:DEU:Germany:N:EU:794^K:4.1%|5:USA:US:N:NA:457^K:2.3%|6:MKD:Macedonia:N:EU:344^K:1.8%|7:HRV:Croatia:N:EU:231^K:1.2%|8:AUT:Austria:N:EU:176^K:0.9%|9:CHE:Switzerland:N:EU:168^K:0.9%|10:FRA:France:N:EU:126^K:0.6%|11:SVN:Slovenia:N:EU:125^K:0.6%|12::?? (code XK):::97^K:0.5%|13:RUS:Russia:N:EU:90^K:0.5%|14:GRC:Greece:N:EU:82^K:0.4%|15:SWE:Sweden:N:EU:68^K:0.3%|16:ALB:Albania:N:EU:67^K:0.3%|17:ITA:Italy:N:EU:64^K:0.3%|18:CAN:Canada:N:NA:61^K:0.3%|19:GBR:UK:N:EU:59^K:0.3%|20:CHN:China:S:AS:54^K:0.3%|21:NLD:Netherlands:N:EU:53^K:0.3%|22:BGR:Bulgaria:N:EU:31^K:0.2%|23:POL:Poland:N:EU:30^K:0.2%|24:AUS:Australia:N:OC:26^K:0.1%|25:IDN:Indonesia:S:AS:25^K:0.1%|26::Unknown:X:XX:22^K:0.1%|27:HKG:Hong Kong:S:AS:19^K:0.10%|28:CZE:Czech Rep.:N:EU:12^K:0.06%|29:ROU:Romania:N:EU:12^K:0.06%|30:NOR:Norway:N:EU:10^K:0.05%|31:ESP:Spain:N:EU:10^K:0.05%|32:UKR:Ukraine:N:EU:5.0^K:0.03%|33:NGA:Nigeria:S:AF:4.0^K:0.02%|34:BRA:Brazil:S:SA:4.0^K:0.02%|35:BEL:Belgium:N:EU:4.0^K:0.02%|36:SVK:Slovakia:N:EU:3.0^K:0.02%|37:HUN:Hungary:N:EU:3.0^K:0.02%|38:KHM:Cambodia:S:AS:3.0^K:0.02%|39:IND:India:S:AS:3.0^K:0.02%|40:PHL:Philippines:S:AS:2.0^K:0.01%|41:PAK:Pakistan:S:AS:1.0^K:0.005%|42:VNM:Vietnam:S:AS:1.0^K:0.005%|43:EST:Estonia:N:EU:1.0^K:0.005%|44:TWN:Taiwan:S:AS:1.0^K:0.005%,CHE:0.2;AUT:0.2;GRC:0.2;SRB:37.4;HRV:0.8;SVN:0.8;BIH:15.2;ALB:0.8;MKD:5.0;MNE:29.2;XXX:23.2;
#32: Tagalog Wikipedia,TL,90.0^M,1.2% of 7.4^B,17.8^M,1:PHL:Philippines:S:AS:11.7^M:65.8%|2:USA:US:N:NA:5.8^M:32.4%|3:DEU:Germany:N:EU:80^K:0.4%|4:SGP:Singapore:S:AS:41^K:0.2%|5:IRL:Ireland:N:EU:30^K:0.2%|6:HKG:Hong Kong:S:AS:28^K:0.2%|7:FRA:France:N:EU:27^K:0.2%|8:JPN:Japan:N:AS:24^K:0.1%|9:CAN:Canada:N:NA:21^K:0.1%|10:SAU:Saudi Arabia:S:AS:16^K:0.09%|11::Unknown:X:XX:14^K:0.08%|12:ARE:UAE:S:AS:13^K:0.07%|13:IDN:Indonesia:S:AS:8.0^K:0.04%|14:CHN:China:S:AS:5.0^K:0.03%|15:ITA:Italy:N:EU:3.0^K:0.02%|16:NLD:Netherlands:N:EU:2.0^K:0.01%|17:BRA:Brazil:S:SA:2.0^K:0.01%|18:KHM:Cambodia:S:AS:1.0^K:0.006%|19:UKR:Ukraine:N:EU:1.0^K:0.006%|20:NGA:Nigeria:S:AF:1.0^K:0.006%|21:GBR:UK:N:EU:1.0^K:0.006%|22:ROU:Romania:N:EU:1.0^K:0.006%|23:SVN:Slovenia:N:EU:1.0^K:0.006%,USA:0.2;PHL:9.1;
#33: Croatian Wikipedia,HR,6.2^M,0.08% of 7.4^B,15.0^M,1:HRV:Croatia:N:EU:9.0^M:59.8%|2:BIH:Bosnia:N:EU:2.6^M:17.5%|3:SRB:Rep. of Serbia:N:EU:950^K:6.3%|4:DEU:Germany:N:EU:579^K:3.9%|5:USA:US:N:NA:362^K:2.4%|6:SVN:Slovenia:N:EU:282^K:1.9%|7:MNE:Montenegro:N:EU:174^K:1.2%|8:AUT:Austria:N:EU:157^K:1.0%|9:MKD:Macedonia:N:EU:118^K:0.8%|10:FRA:France:N:EU:99^K:0.7%|11:CHE:Switzerland:N:EU:72^K:0.5%|12:SWE:Sweden:N:EU:69^K:0.5%|13:ITA:Italy:N:EU:66^K:0.4%|14:GBR:UK:N:EU:60^K:0.4%|15:NLD:Netherlands:N:EU:54^K:0.4%|16:CAN:Canada:N:NA:53^K:0.4%|17:CHN:China:S:AS:32^K:0.2%|18:POL:Poland:N:EU:30^K:0.2%|19:CZE:Czech Rep.:N:EU:30^K:0.2%|20:RUS:Russia:N:EU:26^K:0.2%|21:AUS:Australia:N:OC:25^K:0.2%|22::Unknown:X:XX:24^K:0.2%|23:IDN:Indonesia:S:AS:21^K:0.1%|24:ALB:Albania:N:EU:18^K:0.1%|25:HKG:Hong Kong:S:AS:16^K:0.1%|26:HUN:Hungary:N:EU:15^K:0.1%|27:IRL:Ireland:N:EU:13^K:0.09%|28:BEL:Belgium:N:EU:6.0^K:0.04%|29:NOR:Norway:N:EU:5.0^K:0.03%|30:ROU:Romania:N:EU:5.0^K:0.03%|31:ESP:Spain:N:EU:4.0^K:0.03%|32:NGA:Nigeria:S:AF:4.0^K:0.03%|33:BRA:Brazil:S:SA:4.0^K:0.03%|34:GRC:Greece:N:EU:3.0^K:0.02%|35:PHL:Philippines:S:AS:2.0^K:0.01%|36:IND:India:S:AS:2.0^K:0.01%|37:SVK:Slovakia:N:EU:2.0^K:0.01%|38:KHM:Cambodia:S:AS:2.0^K:0.01%|39:JPN:Japan:N:AS:1.0^K:0.007%|40:VEN:Venezuela:S:SA:1.0^K:0.007%|41:VNM:Vietnam:S:AS:1.0^K:0.007%|42:SGP:Singapore:S:AS:1.0^K:0.007%|43:TWN:Taiwan:S:AS:1.0^K:0.007%,AUT:0.2;SRB:2.6;HRV:32.4;SVN:1.8;BIH:22.3;ALB:0.2;MKD:1.7;MNE:5.8;
#34: Simple Wikipedia,SIMPLE,^,^ of 7.4^B,13.2^M,1:USA:US:N:NA:4.4^M:33.5%|2:IND:India:S:AS:3.2^M:24.0%|3:GBR:UK:N:EU:1.1^M:8.3%|4:PHL:Philippines:S:AS:529^K:4.0%|5:DEU:Germany:N:EU:444^K:3.4%|6:CAN:Canada:N:NA:425^K:3.2%|7:AUS:Australia:N:OC:354^K:2.7%|8:CHN:China:S:AS:194^K:1.5%|9:FRA:France:N:EU:182^K:1.4%|10:PAK:Pakistan:S:AS:181^K:1.4%|11:NGA:Nigeria:S:AF:165^K:1.2%|12:NLD:Netherlands:N:EU:113^K:0.9%|13:ZAF:South Africa:S:AF:97^K:0.7%|14:RUS:Russia:N:EU:97^K:0.7%|15:SGP:Singapore:S:AS:92^K:0.7%|16:ITA:Italy:N:EU:85^K:0.6%|17:MYS:Malaysia:S:AS:85^K:0.6%|18:BRA:Brazil:S:SA:84^K:0.6%|19:IRL:Ireland:N:EU:77^K:0.6%|20:NZL:New Zealand:N:OC:76^K:0.6%|21:MEX:Mexico:S:NA:73^K:0.6%|22:IDN:Indonesia:S:AS:71^K:0.5%|23:JPN:Japan:N:AS:70^K:0.5%|24:ESP:Spain:N:EU:69^K:0.5%|25:ARE:UAE:S:AS:68^K:0.5%|26:SWE:Sweden:N:EU:59^K:0.4%|27:HKG:Hong Kong:S:AS:55^K:0.4%|28:THA:Thailand:S:AS:55^K:0.4%|29:POL:Poland:N:EU:54^K:0.4%|30:LKA:Sri Lanka:S:AS:46^K:0.3%|31:BGD:Bangladesh:S:AS:40^K:0.3%|32:ROU:Romania:N:EU:36^K:0.3%|33:UKR:Ukraine:N:EU:33^K:0.2%|34:SAU:Saudi Arabia:S:AS:33^K:0.2%|35:VNM:Vietnam:S:AS:31^K:0.2%|36:NPL:Nepal:S:AS:30^K:0.2%|37:KEN:Kenya:S:AF:30^K:0.2%|38:GHA:Ghana:S:AF:30^K:0.2%|39:CHE:Switzerland:N:EU:29^K:0.2%|40:ISR:Israel:S:AS:28^K:0.2%|41:DNK:Denmark:N:EU:28^K:0.2%|42:KOR:South Korea:N:AS:27^K:0.2%|43:BEL:Belgium:N:EU:25^K:0.2%|44::Unknown:X:XX:25^K:0.2%|45:IRN:Iran:S:AS:23^K:0.2%|46:ARG:Argentina:S:SA:23^K:0.2%|47:NOR:Norway:N:EU:23^K:0.2%|48:AUT:Austria:N:EU:21^K:0.2%|49:CZE:Czech Rep.:N:EU:20^K:0.2%|50:TZA:Tanzania:S:AF:15^K:0.1%,USA:0.1;GBR:0.1;IND:0.5;CAN:0.1;AUS:0.2;PHL:0.4;PAK:0.2;CHN:0.2;MYS:0.1;SGP:0.1;IRL:0.1;ZAF:0.2;NZL:0.2;NGA:0.5;ARE:0.2;BGD:0.2;KEN:0.2;LKA:0.4;NPL:0.4;GHA:0.4;TZA:0.3;
#35: Slovak Wikipedia,SK,7.0^M,0.09% of 7.4^B,10.9^M,1:SVK:Slovakia:N:EU:9.0^M:82.4%|2:CZE:Czech Rep.:N:EU:554^K:5.1%|3:DEU:Germany:N:EU:370^K:3.4%|4:USA:US:N:NA:317^K:2.9%|5:FRA:France:N:EU:127^K:1.2%|6:GBR:UK:N:EU:110^K:1.0%|7:AUT:Austria:N:EU:79^K:0.7%|8:POL:Poland:N:EU:45^K:0.4%|9:ITA:Italy:N:EU:41^K:0.4%|10:HUN:Hungary:N:EU:33^K:0.3%|11:CHN:China:S:AS:33^K:0.3%|12:CHE:Switzerland:N:EU:29^K:0.3%|13::Unknown:X:XX:27^K:0.2%|14:CAN:Canada:N:NA:24^K:0.2%|15:IDN:Indonesia:S:AS:23^K:0.2%|16:NLD:Netherlands:N:EU:21^K:0.2%|17:RUS:Russia:N:EU:21^K:0.2%|18:ISR:Israel:S:AS:9.0^K:0.08%|19:HKG:Hong Kong:S:AS:9.0^K:0.08%|20:HRV:Croatia:N:EU:8.0^K:0.07%|21:KOR:South Korea:N:AS:8.0^K:0.07%|22:BRA:Brazil:S:SA:4.0^K:0.04%|23:ESP:Spain:N:EU:4.0^K:0.04%|24:IRL:Ireland:N:EU:3.0^K:0.03%|25:ROU:Romania:N:EU:3.0^K:0.03%|26:IND:India:S:AS:3.0^K:0.03%|27:SWE:Sweden:N:EU:3.0^K:0.03%|28:NGA:Nigeria:S:AF:2.0^K:0.02%|29:KHM:Cambodia:S:AS:2.0^K:0.02%|30:BEL:Belgium:N:EU:2.0^K:0.02%|31:SVN:Slovenia:N:EU:2.0^K:0.02%|32:SRB:Rep. of Serbia:N:EU:2.0^K:0.02%|33:PHL:Philippines:S:AS:2.0^K:0.02%|34:VNM:Vietnam:S:AS:1.0^K:0.009%|35:BGR:Bulgaria:N:EU:1.0^K:0.009%|36:TWN:Taiwan:S:AS:1.0^K:0.009%|37:ARG:Argentina:S:SA:1.0^K:0.009%|38:NOR:Norway:N:EU:1.0^K:0.009%,CZE:0.7;XXX:0.10;SVK:41.1;
#36: Catalan Wikipedia,CA,9.0^M,0.1% of 7.4^B,10.7^M,1:ESP:Spain:N:EU:9.0^M:83.9%|2:USA:US:N:NA:580^K:5.4%|3:DEU:Germany:N:EU:352^K:3.3%|4:FRA:France:N:EU:186^K:1.7%|5:GBR:UK:N:EU:83^K:0.8%|6:AND:Andorra:N:EU:54^K:0.5%|7:ITA:Italy:N:EU:54^K:0.5%|8:CHN:China:S:AS:52^K:0.5%|9:CAN:Canada:N:NA:47^K:0.4%|10:IND:India:S:AS:37^K:0.3%|11::Unknown:X:XX:31^K:0.3%|12:BRA:Brazil:S:SA:31^K:0.3%|13:NLD:Netherlands:N:EU:30^K:0.3%|14:HKG:Hong Kong:S:AS:30^K:0.3%|15:RUS:Russia:N:EU:28^K:0.3%|16:IDN:Indonesia:S:AS:26^K:0.2%|17:BEL:Belgium:N:EU:16^K:0.1%|18:SWE:Sweden:N:EU:11^K:0.1%|19:POL:Poland:N:EU:10^K:0.09%|20:NGA:Nigeria:S:AF:7.0^K:0.07%|21:CHE:Switzerland:N:EU:6.0^K:0.06%|22:ROU:Romania:N:EU:6.0^K:0.06%|23:KHM:Cambodia:S:AS:6.0^K:0.06%|24:CZE:Czech Rep.:N:EU:6.0^K:0.06%|25:KOR:South Korea:N:AS:5.0^K:0.05%|26:MEX:Mexico:S:NA:5.0^K:0.05%|27:PHL:Philippines:S:AS:3.0^K:0.03%|28:VEN:Venezuela:S:SA:2.0^K:0.02%|29:JPN:Japan:N:AS:2.0^K:0.02%|30:SVN:Slovenia:N:EU:2.0^K:0.02%|31:EST:Estonia:N:EU:2.0^K:0.02%|32:DNK:Denmark:N:EU:1.0^K:0.009%|33:PRT:Portugal:N:EU:1.0^K:0.009%|34:ARG:Argentina:S:SA:1.0^K:0.009%|35:HUN:Hungary:N:EU:1.0^K:0.009%|36:VNM:Vietnam:S:AS:1.0^K:0.009%|37:PAK:Pakistan:S:AS:1.0^K:0.009%,ESP:3.2;XXX:0.1;KHM:0.1;AND:12.7;
#37: Malay Wikipedia,MS,300^M,4.1% of 7.4^B,8.8^M,1:MYS:Malaysia:S:AS:6.8^M:76.4%|2:USA:US:N:NA:525^K:5.9%|3:IDN:Indonesia:S:AS:467^K:5.3%|4:FRA:France:N:EU:437^K:4.9%|5:SGP:Singapore:S:AS:213^K:2.4%|6:DEU:Germany:N:EU:134^K:1.5%|7:BRN:Brunei:S:AS:113^K:1.3%|8:IND:India:S:AS:34^K:0.4%|9:CHN:China:S:AS:31^K:0.4%|10:HKG:Hong Kong:S:AS:20^K:0.2%|11:GBR:UK:N:EU:18^K:0.2%|12::Unknown:X:XX:15^K:0.2%|13:JPN:Japan:N:AS:15^K:0.2%|14:CAN:Canada:N:NA:14^K:0.2%|15:AUS:Australia:N:OC:12^K:0.1%|16:ITA:Italy:N:EU:6.0^K:0.07%|17:BRA:Brazil:S:SA:3.0^K:0.03%|18:CZE:Czech Rep.:N:EU:3.0^K:0.03%|19:KOR:South Korea:N:AS:3.0^K:0.03%|20:KHM:Cambodia:S:AS:2.0^K:0.02%|21:THA:Thailand:S:AS:2.0^K:0.02%|22:RUS:Russia:N:EU:2.0^K:0.02%|23:NLD:Netherlands:N:EU:2.0^K:0.02%|24:NGA:Nigeria:S:AF:2.0^K:0.02%|25:SWE:Sweden:N:EU:2.0^K:0.02%|26:ESP:Spain:N:EU:2.0^K:0.02%|27:PHL:Philippines:S:AS:2.0^K:0.02%|28:ROU:Romania:N:EU:2.0^K:0.02%|29:DZA:Algeria:S:AF:1.0^K:0.01%|30:VNM:Vietnam:S:AS:1.0^K:0.01%|31:SRB:Rep. of Serbia:N:EU:1.0^K:0.01%|32:BEL:Belgium:N:EU:1.0^K:0.01%|33:SVN:Slovenia:N:EU:1.0^K:0.01%,IDN:0.4;MYS:9.0;SGP:0.3;BRN:5.8;
#38: Bengali Wikipedia,BN,230^M,3.1% of 7.4^B,7.9^M,1:USA:US:N:NA:3.4^M:43.4%|2:BGD:Bangladesh:S:AS:3.0^M:38.1%|3:IND:India:S:AS:999^K:12.7%|4:DEU:Germany:N:EU:161^K:2.0%|5:FRA:France:N:EU:60^K:0.8%|6:SAU:Saudi Arabia:S:AS:34^K:0.4%|7:IRL:Ireland:N:EU:32^K:0.4%|8:MYS:Malaysia:S:AS:30^K:0.4%|9:QAT:Qatar:S:AS:28^K:0.4%|10:ARE:UAE:S:AS:27^K:0.3%|11:OMN:Oman:S:AS:13^K:0.2%|12:IDN:Indonesia:S:AS:13^K:0.2%|13:CAN:Canada:N:NA:12^K:0.2%|14:HKG:Hong Kong:S:AS:10^K:0.1%|15:CHN:China:S:AS:9.0^K:0.1%|16:GBR:UK:N:EU:8.0^K:0.1%|17:ITA:Italy:N:EU:5.0^K:0.06%|18:SGP:Singapore:S:AS:3.0^K:0.04%|19:CZE:Czech Rep.:N:EU:3.0^K:0.04%|20:PHL:Philippines:S:AS:2.0^K:0.03%|21:SWE:Sweden:N:EU:2.0^K:0.03%|22:NGA:Nigeria:S:AF:2.0^K:0.03%|23:BRA:Brazil:S:SA:2.0^K:0.03%|24:KHM:Cambodia:S:AS:2.0^K:0.03%|25:SVN:Slovenia:N:EU:1.0^K:0.01%|26:ROU:Romania:N:EU:1.0^K:0.01%|27::Unknown:X:XX:1.0^K:0.01%|28:VEN:Venezuela:S:SA:1.0^K:0.01%|29:ESP:Spain:N:EU:1.0^K:0.01%|30:LVA:Latvia:N:EU:1.0^K:0.01%|31:TWN:Taiwan:S:AS:1.0^K:0.01%,USA:0.1;IND:0.2;BGD:13.3;QAT:0.4;OMN:0.3;
#39: Lithuanian Wikipedia,LT,3.0^M,0.04% of 7.4^B,6.9^M,1:LTU:Lithuania:N:EU:5.3^M:77.0%|2:USA:US:N:NA:616^K:9.0%|3:GBR:UK:N:EU:203^K:3.0%|4:DEU:Germany:N:EU:196^K:2.9%|5:CHN:China:S:AS:98^K:1.4%|6:NOR:Norway:N:EU:77^K:1.1%|7:HKG:Hong Kong:S:AS:58^K:0.8%|8:IRL:Ireland:N:EU:52^K:0.8%|9:FRA:France:N:EU:47^K:0.7%|10:SWE:Sweden:N:EU:42^K:0.6%|11:RUS:Russia:N:EU:32^K:0.5%|12:POL:Poland:N:EU:31^K:0.5%|13:NLD:Netherlands:N:EU:23^K:0.3%|14:IDN:Indonesia:S:AS:20^K:0.3%|15:LVA:Latvia:N:EU:14^K:0.2%|16:DNK:Denmark:N:EU:13^K:0.2%|17:CAN:Canada:N:NA:12^K:0.2%|18:ITA:Italy:N:EU:11^K:0.2%|19:JPN:Japan:N:AS:6.0^K:0.09%|20:ESP:Spain:N:EU:6.0^K:0.09%|21:CZE:Czech Rep.:N:EU:4.0^K:0.06%|22:ROU:Romania:N:EU:3.0^K:0.04%|23:BRA:Brazil:S:SA:3.0^K:0.04%|24::Unknown:X:XX:2.0^K:0.03%|25:IND:India:S:AS:2.0^K:0.03%|26:NGA:Nigeria:S:AF:2.0^K:0.03%|27:KHM:Cambodia:S:AS:2.0^K:0.03%|28:BEL:Belgium:N:EU:1.0^K:0.01%|29:SVN:Slovenia:N:EU:1.0^K:0.01%|30:PHL:Philippines:S:AS:1.0^K:0.01%|31:UKR:Ukraine:N:EU:1.0^K:0.01%|32:VNM:Vietnam:S:AS:1.0^K:0.01%,NOR:0.1;LTU:37.8;LVA:0.1;
#40: Slovene Wikipedia,SL,2.5^M,0.03% of 7.4^B,6.7^M,1:SVN:Slovenia:N:EU:5.7^M:84.9%|2:DEU:Germany:N:EU:292^K:4.3%|3:USA:US:N:NA:226^K:3.3%|4:HRV:Croatia:N:EU:88^K:1.3%|5:ISR:Israel:S:AS:71^K:1.1%|6:SRB:Rep. of Serbia:N:EU:60^K:0.9%|7:FRA:France:N:EU:58^K:0.9%|8:ITA:Italy:N:EU:52^K:0.8%|9:AUT:Austria:N:EU:33^K:0.5%|10:CHN:China:S:AS:26^K:0.4%|11:IDN:Indonesia:S:AS:20^K:0.3%|12:CAN:Canada:N:NA:17^K:0.3%|13:GBR:UK:N:EU:13^K:0.2%|14:HKG:Hong Kong:S:AS:12^K:0.2%|15:CZE:Czech Rep.:N:EU:7.0^K:0.1%|16:BIH:Bosnia:N:EU:7.0^K:0.1%|17:POL:Poland:N:EU:5.0^K:0.07%|18::Unknown:X:XX:5.0^K:0.07%|19:RUS:Russia:N:EU:4.0^K:0.06%|20:BRA:Brazil:S:SA:3.0^K:0.04%|21:NGA:Nigeria:S:AF:2.0^K:0.03%|22:KHM:Cambodia:S:AS:2.0^K:0.03%|23:NLD:Netherlands:N:EU:2.0^K:0.03%|24:ROU:Romania:N:EU:2.0^K:0.03%|25:SWE:Sweden:N:EU:2.0^K:0.03%|26:ESP:Spain:N:EU:2.0^K:0.03%|27:IND:India:S:AS:2.0^K:0.03%|28:PHL:Philippines:S:AS:2.0^K:0.03%|29:HUN:Hungary:N:EU:1.0^K:0.01%|30:BEL:Belgium:N:EU:1.0^K:0.01%,SRB:0.2;HRV:0.3;SVN:36.5;
#41: Estonian Wikipedia,ET,1.1^M,0.01% of 7.4^B,5.7^M,1:EST:Estonia:N:EU:4.4^M:76.9%|2:USA:US:N:NA:579^K:10.1%|3:DEU:Germany:N:EU:167^K:2.9%|4:FIN:Finland:N:EU:121^K:2.1%|5:HKG:Hong Kong:S:AS:96^K:1.7%|6:CHN:China:S:AS:74^K:1.3%|7:FRA:France:N:EU:69^K:1.2%|8:RUS:Russia:N:EU:32^K:0.6%|9:GBR:UK:N:EU:26^K:0.5%|10:SWE:Sweden:N:EU:22^K:0.4%|11:IDN:Indonesia:S:AS:22^K:0.4%|12:CAN:Canada:N:NA:20^K:0.4%|13:IRL:Ireland:N:EU:16^K:0.3%|14:NLD:Netherlands:N:EU:12^K:0.2%|15:ITA:Italy:N:EU:9.0^K:0.2%|16:VNM:Vietnam:S:AS:8.0^K:0.1%|17:BRA:Brazil:S:SA:7.0^K:0.1%|18:JPN:Japan:N:AS:6.0^K:0.1%|19::Unknown:X:XX:5.0^K:0.09%|20:CZE:Czech Rep.:N:EU:5.0^K:0.09%|21:LTU:Lithuania:N:EU:4.0^K:0.07%|22:BEL:Belgium:N:EU:3.0^K:0.05%|23:ESP:Spain:N:EU:3.0^K:0.05%|24:SVN:Slovenia:N:EU:2.0^K:0.04%|25:PHL:Philippines:S:AS:2.0^K:0.04%|26:IND:India:S:AS:2.0^K:0.04%|27:NGA:Nigeria:S:AF:2.0^K:0.04%|28:KHM:Cambodia:S:AS:2.0^K:0.04%|29:ROU:Romania:N:EU:1.0^K:0.02%|30:POL:Poland:N:EU:1.0^K:0.02%|31:TWN:Taiwan:S:AS:1.0^K:0.02%,HKG:0.10;FIN:0.2;EST:33.1;
#42: Azeri Wikipedia,AZ,27.0^M,0.4% of 7.4^B,5.2^M,1:AZE:Azerbaijan:S:AS:4.4^M:84.9%|2:USA:US:N:NA:248^K:4.8%|3:DEU:Germany:N:EU:163^K:3.2%|4:RUS:Russia:N:EU:129^K:2.5%|5:FRA:France:N:EU:53^K:1.0%|6:GEO:Georgia:S:AS:33^K:0.6%|7:CHN:China:S:AS:32^K:0.6%|8:GBR:UK:N:EU:27^K:0.5%|9:HKG:Hong Kong:S:AS:18^K:0.3%|10:IDN:Indonesia:S:AS:14^K:0.3%|11:CAN:Canada:N:NA:13^K:0.3%|12:IRN:Iran:S:AS:11^K:0.2%|13:KOR:South Korea:N:AS:8.0^K:0.2%|14:BRA:Brazil:S:SA:4.0^K:0.08%|15:ITA:Italy:N:EU:3.0^K:0.06%|16:CZE:Czech Rep.:N:EU:3.0^K:0.06%|17:PAK:Pakistan:S:AS:3.0^K:0.06%|18::Unknown:X:XX:2.0^K:0.04%|19:IND:India:S:AS:2.0^K:0.04%|20:KHM:Cambodia:S:AS:2.0^K:0.04%|21:UKR:Ukraine:N:EU:2.0^K:0.04%|22:PHL:Philippines:S:AS:1.0^K:0.02%|23:SWE:Sweden:N:EU:1.0^K:0.02%|24:ESP:Spain:N:EU:1.0^K:0.02%|25:SVN:Slovenia:N:EU:1.0^K:0.02%|26:ROU:Romania:N:EU:1.0^K:0.02%|27:NLD:Netherlands:N:EU:1.0^K:0.02%|28:NGA:Nigeria:S:AF:1.0^K:0.02%|29:LVA:Latvia:N:EU:1.0^K:0.02%|30:VNM:Vietnam:S:AS:1.0^K:0.02%,AZE:31.8;GEO:0.3;
#43: Kazakh Wikipedia,KK,12.0^M,0.2% of 7.4^B,5.1^M,1:KAZ:Kazakhstan:S:AS:4.5^M:88.6%|2:USA:US:N:NA:192^K:3.7%|3:DEU:Germany:N:EU:149^K:2.9%|4:RUS:Russia:N:EU:75^K:1.5%|5:FRA:France:N:EU:40^K:0.8%|6:CHN:China:S:AS:38^K:0.7%|7:HKG:Hong Kong:S:AS:23^K:0.4%|8:IDN:Indonesia:S:AS:18^K:0.4%|9:CAN:Canada:N:NA:13^K:0.3%|10:KGZ:Kyrgyzstan:S:AS:9.0^K:0.2%|11:ITA:Italy:N:EU:4.0^K:0.08%|12:BRA:Brazil:S:SA:3.0^K:0.06%|13:CZE:Czech Rep.:N:EU:3.0^K:0.06%|14:GBR:UK:N:EU:3.0^K:0.06%|15:KHM:Cambodia:S:AS:2.0^K:0.04%|16:AGO:Angola:S:AF:2.0^K:0.04%|17:SWE:Sweden:N:EU:2.0^K:0.04%|18:IND:India:S:AS:2.0^K:0.04%|19:NLD:Netherlands:N:EU:1.0^K:0.02%|20:NGA:Nigeria:S:AF:1.0^K:0.02%|21:ESP:Spain:N:EU:1.0^K:0.02%|22:UZB:Uzbekistan:S:AS:1.0^K:0.02%|23:PHL:Philippines:S:AS:1.0^K:0.02%|24:ROU:Romania:N:EU:1.0^K:0.02%|25:SVN:Slovenia:N:EU:1.0^K:0.02%,KAZ:13.1;KGZ:0.2;
#44: Georgian Wikipedia,KA,4.3^M,0.06% of 7.4^B,4.9^M,1:GEO:Georgia:S:AS:3.9^M:80.2%|2:USA:US:N:NA:368^K:7.5%|3:DEU:Germany:N:EU:212^K:4.3%|4:RUS:Russia:N:EU:201^K:4.1%|5:HKG:Hong Kong:S:AS:45^K:0.9%|6:FRA:France:N:EU:42^K:0.9%|7:CHN:China:S:AS:27^K:0.5%|8:IDN:Indonesia:S:AS:14^K:0.3%|9:CAN:Canada:N:NA:10^K:0.2%|10:JPN:Japan:N:AS:9.0^K:0.2%|11:ITA:Italy:N:EU:7.0^K:0.1%|12:IRL:Ireland:N:EU:5.0^K:0.1%|13:GBR:UK:N:EU:5.0^K:0.1%|14:ARM:Armenia:S:AS:4.0^K:0.08%|15:BRA:Brazil:S:SA:3.0^K:0.06%|16:NLD:Netherlands:N:EU:3.0^K:0.06%|17:IND:India:S:AS:3.0^K:0.06%|18:CZE:Czech Rep.:N:EU:2.0^K:0.04%|19:ESP:Spain:N:EU:2.0^K:0.04%|20:VNM:Vietnam:S:AS:1.0^K:0.02%|21:NGA:Nigeria:S:AF:1.0^K:0.02%|22:KHM:Cambodia:S:AS:1.0^K:0.02%|23:SVN:Slovenia:N:EU:1.0^K:0.02%|24:TUR:Turkey:S:AS:1.0^K:0.02%|25:ROU:Romania:N:EU:1.0^K:0.02%|26:POL:Poland:N:EU:1.0^K:0.02%|27:PHL:Philippines:S:AS:1.0^K:0.02%|28:SWE:Sweden:N:EU:1.0^K:0.02%,GEO:32.2;
#45: Serbo-Croatian Wikipedia,SH,23.0^M,0.3% of 7.4^B,4.5^M,1:SRB:Rep. of Serbia:N:EU:2.1^M:46.9%|2:HRV:Croatia:N:EU:557^K:12.3%|3:BIH:Bosnia:N:EU:548^K:12.1%|4:USA:US:N:NA:279^K:6.2%|5:DEU:Germany:N:EU:267^K:5.9%|6:MNE:Montenegro:N:EU:198^K:4.4%|7:MKD:Macedonia:N:EU:78^K:1.7%|8:SVN:Slovenia:N:EU:71^K:1.6%|9:FRA:France:N:EU:67^K:1.5%|10:AUT:Austria:N:EU:59^K:1.3%|11:ITA:Italy:N:EU:48^K:1.1%|12:CHN:China:S:AS:41^K:0.9%|13:CHE:Switzerland:N:EU:33^K:0.7%|14:IDN:Indonesia:S:AS:25^K:0.6%|15:CAN:Canada:N:NA:24^K:0.5%|16:GBR:UK:N:EU:14^K:0.3%|17:SWE:Sweden:N:EU:14^K:0.3%|18:HKG:Hong Kong:S:AS:14^K:0.3%|19::Unknown:X:XX:13^K:0.3%|20:GRC:Greece:N:EU:8.0^K:0.2%|21:KOR:South Korea:N:AS:5.0^K:0.1%|22:CZE:Czech Rep.:N:EU:5.0^K:0.1%|23:RUS:Russia:N:EU:5.0^K:0.1%|24:ROU:Romania:N:EU:4.0^K:0.09%|25:BRA:Brazil:S:SA:4.0^K:0.09%|26:IND:India:S:AS:3.0^K:0.07%|27:NLD:Netherlands:N:EU:3.0^K:0.07%|28:KHM:Cambodia:S:AS:3.0^K:0.07%|29:PHL:Philippines:S:AS:2.0^K:0.04%|30:ALB:Albania:N:EU:2.0^K:0.04%|31:NGA:Nigeria:S:AF:2.0^K:0.04%|32:BEL:Belgium:N:EU:1.0^K:0.02%|33:ESP:Spain:N:EU:1.0^K:0.02%|34:VNM:Vietnam:S:AS:1.0^K:0.02%|35:HUN:Hungary:N:EU:1.0^K:0.02%|36:ARG:Argentina:S:SA:1.0^K:0.02%|37:TWN:Taiwan:S:AS:1.0^K:0.02%|38:BGR:Bulgaria:N:EU:1.0^K:0.02%,SRB:5.9;HRV:2.0;SVN:0.5;BIH:4.7;MKD:1.1;MNE:6.6;
#46: Tamil Wikipedia,TA,66.0^M,0.9% of 7.4^B,4.1^M,1:IND:India:S:AS:2.6^M:63.2%|2:USA:US:N:NA:650^K:15.8%|3:LKA:Sri Lanka:S:AS:390^K:9.5%|4:DEU:Germany:N:EU:119^K:2.9%|5:SGP:Singapore:S:AS:61^K:1.5%|6:MYS:Malaysia:S:AS:57^K:1.4%|7:ARE:UAE:S:AS:50^K:1.2%|8:FRA:France:N:EU:46^K:1.1%|9:CAN:Canada:N:NA:26^K:0.6%|10:JPN:Japan:N:AS:26^K:0.6%|11:SAU:Saudi Arabia:S:AS:21^K:0.5%|12:IDN:Indonesia:S:AS:14^K:0.3%|13:CHN:China:S:AS:12^K:0.3%|14:GBR:UK:N:EU:9.0^K:0.2%|15:AUS:Australia:N:OC:8.0^K:0.2%|16:HKG:Hong Kong:S:AS:6.0^K:0.1%|17:CZE:Czech Rep.:N:EU:3.0^K:0.07%|18:ITA:Italy:N:EU:3.0^K:0.07%|19:NOR:Norway:N:EU:2.0^K:0.05%|20:NGA:Nigeria:S:AF:2.0^K:0.05%|21:KHM:Cambodia:S:AS:2.0^K:0.05%|22:BRA:Brazil:S:SA:2.0^K:0.05%|23:ROU:Romania:N:EU:1.0^K:0.02%|24:SVN:Slovenia:N:EU:1.0^K:0.02%|25:SWE:Sweden:N:EU:1.0^K:0.02%|26:PHL:Philippines:S:AS:1.0^K:0.02%|27:QAT:Qatar:S:AS:1.0^K:0.02%,IND:0.4;SGP:0.10;ARE:0.1;LKA:3.1;
#47: Latvian Wikipedia,LV,1.8^M,0.02% of 7.4^B,3.0^M,1:LVA:Latvia:N:EU:2.1^M:71.2%|2:USA:US:N:NA:434^K:14.6%|3:DEU:Germany:N:EU:115^K:3.9%|4:GBR:UK:N:EU:61^K:2.1%|5:HKG:Hong Kong:S:AS:57^K:1.9%|6:FRA:France:N:EU:44^K:1.5%|7:CHN:China:S:AS:36^K:1.2%|8:RUS:Russia:N:EU:21^K:0.7%|9:IDN:Indonesia:S:AS:15^K:0.5%|10:CAN:Canada:N:NA:12^K:0.4%|11:IRL:Ireland:N:EU:10^K:0.3%|12:POL:Poland:N:EU:8.0^K:0.3%|13:LTU:Lithuania:N:EU:7.0^K:0.2%|14:NLD:Netherlands:N:EU:6.0^K:0.2%|15:ITA:Italy:N:EU:4.0^K:0.1%|16:CZE:Czech Rep.:N:EU:4.0^K:0.1%|17:JPN:Japan:N:AS:4.0^K:0.1%|18:BRA:Brazil:S:SA:3.0^K:0.1%|19:SWE:Sweden:N:EU:3.0^K:0.1%|20:KHM:Cambodia:S:AS:2.0^K:0.07%|21:EST:Estonia:N:EU:2.0^K:0.07%|22:ESP:Spain:N:EU:2.0^K:0.07%|23:BEL:Belgium:N:EU:2.0^K:0.07%|24:NGA:Nigeria:S:AF:1.0^K:0.03%|25:PHL:Philippines:S:AS:1.0^K:0.03%|26:ROU:Romania:N:EU:1.0^K:0.03%|27:SVN:Slovenia:N:EU:1.0^K:0.03%,LVA:19.1;
#48: Armenian Wikipedia,HY,5.5^M,0.07% of 7.4^B,2.9^M,1:ARM:Armenia:S:AS:2.1^M:73.2%|2:USA:US:N:NA:236^K:8.1%|3:DEU:Germany:N:EU:222^K:7.6%|4:CHN:China:S:AS:86^K:3.0%|5:RUS:Russia:N:EU:85^K:2.9%|6:FRA:France:N:EU:58^K:2.0%|7:GEO:Georgia:S:AS:28^K:1.0%|8:IDN:Indonesia:S:AS:14^K:0.5%|9:CAN:Canada:N:NA:12^K:0.4%|10:HKG:Hong Kong:S:AS:9.0^K:0.3%|11:GBR:UK:N:EU:5.0^K:0.2%|12:ITA:Italy:N:EU:4.0^K:0.1%|13:BRA:Brazil:S:SA:3.0^K:0.1%|14:CZE:Czech Rep.:N:EU:3.0^K:0.1%|15:PHL:Philippines:S:AS:2.0^K:0.07%|16:NLD:Netherlands:N:EU:2.0^K:0.07%|17:KHM:Cambodia:S:AS:2.0^K:0.07%|18:NGA:Nigeria:S:AF:2.0^K:0.07%|19:IND:India:S:AS:1.0^K:0.03%|20::Unknown:X:XX:1.0^K:0.03%|21:PRT:Portugal:N:EU:1.0^K:0.03%|22:SWE:Sweden:N:EU:1.0^K:0.03%|23:SVN:Slovenia:N:EU:1.0^K:0.03%|24:ROU:Romania:N:EU:1.0^K:0.03%|25:LBN:Lebanon:S:AS:1.0^K:0.03%|26:VNM:Vietnam:S:AS:1.0^K:0.03%,GEO:0.2;ARM:28.1;
#49: Albanian Wikipedia,SQ,6.0^M,0.08% of 7.4^B,2.8^M,1:ALB:Albania:N:EU:2.0^M:69.1%|2:DEU:Germany:N:EU:162^K:5.7%|3:USA:US:N:NA:162^K:5.7%|4:MKD:Macedonia:N:EU:127^K:4.5%|5:ITA:Italy:N:EU:99^K:3.5%|6::?? (code XK):::57^K:2.0%|7:FRA:France:N:EU:51^K:1.8%|8:GRC:Greece:N:EU:50^K:1.8%|9:CHE:Switzerland:N:EU:40^K:1.4%|10:SRB:Rep. of Serbia:N:EU:39^K:1.4%|11:GBR:UK:N:EU:31^K:1.1%|12:CHN:China:S:AS:20^K:0.7%|13:CAN:Canada:N:NA:9.0^K:0.3%|14:AUT:Austria:N:EU:9.0^K:0.3%|15:HKG:Hong Kong:S:AS:5.0^K:0.2%|16:IDN:Indonesia:S:AS:5.0^K:0.2%|17:BRA:Brazil:S:SA:3.0^K:0.1%|18:SVN:Slovenia:N:EU:2.0^K:0.07%|19:ROU:Romania:N:EU:1.0^K:0.04%|20:KHM:Cambodia:S:AS:1.0^K:0.04%|21:NGA:Nigeria:S:AF:1.0^K:0.04%|22:VNM:Vietnam:S:AS:1.0^K:0.04%,SRB:0.1;ALB:24.7;MKD:1.9;XXX:13.6;
#50: Bosnian Wikipedia,BS,3.0^M,0.04% of 7.4^B,2.8^M,1:HRV:Croatia:N:EU:906^K:32.1%|2:BIH:Bosnia:N:EU:833^K:29.5%|3:SRB:Rep. of Serbia:N:EU:345^K:12.2%|4:DEU:Germany:N:EU:189^K:6.7%|5:USA:US:N:NA:177^K:6.3%|6:SVN:Slovenia:N:EU:61^K:2.2%|7:MNE:Montenegro:N:EU:52^K:1.8%|8:AUT:Austria:N:EU:51^K:1.8%|9:MKD:Macedonia:N:EU:41^K:1.5%|10:FRA:France:N:EU:36^K:1.3%|11:CAN:Canada:N:NA:26^K:0.9%|12:SWE:Sweden:N:EU:22^K:0.8%|13:CHN:China:S:AS:16^K:0.6%|14:HKG:Hong Kong:S:AS:14^K:0.5%|15:IDN:Indonesia:S:AS:13^K:0.5%|16:CHE:Switzerland:N:EU:11^K:0.4%|17::Unknown:X:XX:8.0^K:0.3%|18:ITA:Italy:N:EU:5.0^K:0.2%|19:CZE:Czech Rep.:N:EU:4.0^K:0.1%|20:BRA:Brazil:S:SA:3.0^K:0.1%|21:GBR:UK:N:EU:3.0^K:0.1%|22:KHM:Cambodia:S:AS:2.0^K:0.07%|23:RUS:Russia:N:EU:1.0^K:0.04%|24:NGA:Nigeria:S:AF:1.0^K:0.04%|25:IND:India:S:AS:1.0^K:0.04%|26:PHL:Philippines:S:AS:1.0^K:0.04%|27:POL:Poland:N:EU:1.0^K:0.04%|28:BEL:Belgium:N:EU:1.0^K:0.04%|29:NZL:New Zealand:N:OC:1.0^K:0.04%|30:ROU:Romania:N:EU:1.0^K:0.04%,SRB:1.0;HRV:3.3;SVN:0.4;BIH:7.1;MKD:0.6;MNE:1.7;
#51: Malayalam Wikipedia,ML,37.0^M,0.5% of 7.4^B,2.7^M,1:IND:India:S:AS:1.7^M:62.7%|2:USA:US:N:NA:529^K:19.5%|3:DEU:Germany:N:EU:132^K:4.9%|4:ARE:UAE:S:AS:111^K:4.1%|5:SAU:Saudi Arabia:S:AS:86^K:3.2%|6:QAT:Qatar:S:AS:45^K:1.7%|7:FRA:France:N:EU:34^K:1.3%|8:KWT:Kuwait:S:AS:21^K:0.8%|9:OMN:Oman:S:AS:13^K:0.5%|10:CAN:Canada:N:NA:9.0^K:0.3%|11:IDN:Indonesia:S:AS:8.0^K:0.3%|12:CHN:China:S:AS:7.0^K:0.3%|13:ITA:Italy:N:EU:3.0^K:0.1%|14:NGA:Nigeria:S:AF:2.0^K:0.07%|15:KHM:Cambodia:S:AS:2.0^K:0.07%|16:BRA:Brazil:S:SA:2.0^K:0.07%|17:ROU:Romania:N:EU:1.0^K:0.04%|18:SVN:Slovenia:N:EU:1.0^K:0.04%|19:BHR:Bahrain:S:AS:1.0^K:0.04%|20:GBR:UK:N:EU:1.0^K:0.04%|21:CZE:Czech Rep.:N:EU:1.0^K:0.04%|22:RUS:Russia:N:EU:1.0^K:0.04%|23:HKG:Hong Kong:S:AS:1.0^K:0.04%|24:TWN:Taiwan:S:AS:1.0^K:0.04%,IND:0.3;SAU:0.2;ARE:0.3;KWT:0.2;QAT:0.6;OMN:0.3;
#52: Egyptian Wikipedia,ARZ,^,^ of 7.4^B,2.4^M,1:EGY:Egypt:S:AF:695^K:29.6%|2:JOR:Jordan:S:AS:344^K:14.6%|3:SAU:Saudi Arabia:S:AS:213^K:9.1%|4:DZA:Algeria:S:AF:158^K:6.7%|5:USA:US:N:NA:154^K:6.6%|6:IRQ:Iraq:S:AS:149^K:6.3%|7:MAR:Morocco:S:AF:108^K:4.6%|8:DEU:Germany:N:EU:91^K:3.9%|9:KWT:Kuwait:S:AS:49^K:2.1%|10:SYR:Syria:S:AS:45^K:1.9%|11:LBY:Libya:S:AF:37^K:1.6%|12:TUN:Tunisia:S:AF:35^K:1.5%|13:SDN:Sudan:S:AF:34^K:1.4%|14:YEM:Yemen:S:AS:33^K:1.4%|15:LBN:Lebanon:S:AS:32^K:1.4%|16:ARE:UAE:S:AS:31^K:1.3%|17:ISR:Israel:S:AS:29^K:1.2%|18:PSE:Palestinian Terr.:S:AS:25^K:1.1%|19:FRA:France:N:EU:20^K:0.9%|20:GBR:UK:N:EU:18^K:0.8%|21:OMN:Oman:S:AS:14^K:0.6%|22:HKG:Hong Kong:S:AS:7.0^K:0.3%|23:NLD:Netherlands:N:EU:6.0^K:0.3%|24:QAT:Qatar:S:AS:5.0^K:0.2%|25:CHN:China:S:AS:5.0^K:0.2%|26:IRL:Ireland:N:EU:2.0^K:0.09%|27:BRA:Brazil:S:SA:2.0^K:0.09%|28:IRN:Iran:S:AS:2.0^K:0.09%|29:IND:India:S:AS:1.0^K:0.04%|30:ESP:Spain:N:EU:1.0^K:0.04%|31:BHR:Bahrain:S:AS:1.0^K:0.04%|32:JPN:Japan:N:AS:1.0^K:0.04%|33:TUR:Turkey:S:AS:1.0^K:0.04%|34:CAN:Canada:N:NA:1.0^K:0.04%|35:IDN:Indonesia:S:AS:1.0^K:0.04%,SAU:0.4;EGY:2.0;MAR:0.4;DZA:0.6;IRQ:1.1;TUN:0.3;KWT:0.5;JOR:3.9;LBN:0.4;OMN:0.3;SDN:0.9;SYR:1.2;PSE:0.9;LBY:1.4;YEM:1.5;
#53: Urdu Wikipedia,UR,60.0^M,0.8% of 7.4^B,2.2^M,1:USA:US:N:NA:874^K:39.7%|2:PAK:Pakistan:S:AS:849^K:38.6%|3:DEU:Germany:N:EU:180^K:8.2%|4:IND:India:S:AS:103^K:4.7%|5:SAU:Saudi Arabia:S:AS:51^K:2.3%|6:FRA:France:N:EU:34^K:1.5%|7:IRL:Ireland:N:EU:30^K:1.4%|8:ARE:UAE:S:AS:13^K:0.6%|9:HKG:Hong Kong:S:AS:13^K:0.6%|10:CHN:China:S:AS:12^K:0.5%|11:CAN:Canada:N:NA:11^K:0.5%|12:IDN:Indonesia:S:AS:10^K:0.5%|13:ITA:Italy:N:EU:4.0^K:0.2%|14:GBR:UK:N:EU:4.0^K:0.2%|15:BRA:Brazil:S:SA:3.0^K:0.1%|16:ROU:Romania:N:EU:2.0^K:0.09%|17:PHL:Philippines:S:AS:2.0^K:0.09%|18:CZE:Czech Rep.:N:EU:1.0^K:0.05%|19:NGA:Nigeria:S:AF:1.0^K:0.05%|20:KHM:Cambodia:S:AS:1.0^K:0.05%|21:BEL:Belgium:N:EU:1.0^K:0.05%|22:SVN:Slovenia:N:EU:1.0^K:0.05%|23:SWE:Sweden:N:EU:1.0^K:0.05%,PAK:0.7;SAU:0.1;
#54: Marathi Wikipedia,MR,90.0^M,1.2% of 7.4^B,2.1^M,1:IND:India:S:AS:1.5^M:69.3%|2:USA:US:N:NA:440^K:20.8%|3:DEU:Germany:N:EU:107^K:5.1%|4:FRA:France:N:EU:43^K:2.0%|5:JPN:Japan:N:AS:17^K:0.8%|6:SGP:Singapore:S:AS:9.0^K:0.4%|7:CAN:Canada:N:NA:5.0^K:0.2%|8:IDN:Indonesia:S:AS:5.0^K:0.2%|9:CHN:China:S:AS:5.0^K:0.2%|10:ITA:Italy:N:EU:4.0^K:0.2%|11:HKG:Hong Kong:S:AS:3.0^K:0.1%|12::Unknown:X:XX:2.0^K:0.09%|13:KHM:Cambodia:S:AS:2.0^K:0.09%|14:BRA:Brazil:S:SA:2.0^K:0.09%|15:ESP:Spain:N:EU:1.0^K:0.05%|16:GBR:UK:N:EU:1.0^K:0.05%|17:SVN:Slovenia:N:EU:1.0^K:0.05%|18:TWN:Taiwan:S:AS:1.0^K:0.05%|19:NGA:Nigeria:S:AF:1.0^K:0.05%,IND:0.3;
#55: Telugu Wikipedia,TE,80.0^M,1.1% of 7.4^B,1.8^M,1:IND:India:S:AS:1.3^M:71.4%|2:USA:US:N:NA:315^K:17.3%|3:DEU:Germany:N:EU:96^K:5.3%|4:UKR:Ukraine:N:EU:29^K:1.6%|5:FRA:France:N:EU:27^K:1.5%|6:JPN:Japan:N:AS:18^K:1.0%|7:SGP:Singapore:S:AS:9.0^K:0.5%|8:CHN:China:S:AS:6.0^K:0.3%|9:IDN:Indonesia:S:AS:5.0^K:0.3%|10:ARE:UAE:S:AS:4.0^K:0.2%|11:ITA:Italy:N:EU:3.0^K:0.2%|12:CAN:Canada:N:NA:3.0^K:0.2%|13:BRA:Brazil:S:SA:2.0^K:0.1%|14:NGA:Nigeria:S:AF:1.0^K:0.05%|15:KHM:Cambodia:S:AS:1.0^K:0.05%|16:GBR:UK:N:EU:1.0^K:0.05%,IND:0.2;
#56: Cantonese Wikipedia,ZH-YUE,71.0^M,1.0% of 7.4^B,1.8^M,1:HKG:Hong Kong:S:AS:932^K:53.3%|2:TWN:Taiwan:S:AS:259^K:14.8%|3:USA:US:N:NA:196^K:11.2%|4:DEU:Germany:N:EU:93^K:5.3%|5:CAN:Canada:N:NA:54^K:3.1%|6:MAC:Macao:S:AS:33^K:1.9%|7:JPN:Japan:N:AS:31^K:1.8%|8:CHN:China:S:AS:30^K:1.7%|9:MYS:Malaysia:S:AS:29^K:1.7%|10:FRA:France:N:EU:24^K:1.4%|11:AUS:Australia:N:OC:21^K:1.2%|12:GBR:UK:N:EU:18^K:1.0%|13:IDN:Indonesia:S:AS:10^K:0.6%|14:ITA:Italy:N:EU:4.0^K:0.2%|15:SGP:Singapore:S:AS:3.0^K:0.2%|16:BRA:Brazil:S:SA:2.0^K:0.1%|17:KHM:Cambodia:S:AS:2.0^K:0.1%|18:URY:Uruguay:S:SA:1.0^K:0.06%|19:NGA:Nigeria:S:AF:1.0^K:0.06%|20:CZE:Czech Rep.:N:EU:1.0^K:0.06%|21:PHL:Philippines:S:AS:1.0^K:0.06%|22::Unknown:X:XX:1.0^K:0.06%|23:SWE:Sweden:N:EU:1.0^K:0.06%|24:KOR:South Korea:N:AS:1.0^K:0.06%|25:SVN:Slovenia:N:EU:1.0^K:0.06%|26:ROU:Romania:N:EU:1.0^K:0.06%,TWN:0.1;HKG:0.9;MAC:0.8;
#57: Macedonian Wikipedia,MK,2.5^M,0.03% of 7.4^B,1.5^M,1:MKD:Macedonia:N:EU:930^K:60.7%|2:DEU:Germany:N:EU:294^K:19.2%|3:USA:US:N:NA:158^K:10.3%|4:FRA:France:N:EU:32^K:2.1%|5:BGR:Bulgaria:N:EU:29^K:1.9%|6:SRB:Rep. of Serbia:N:EU:16^K:1.0%|7:CHN:China:S:AS:14^K:0.9%|8:IDN:Indonesia:S:AS:13^K:0.8%|9:CAN:Canada:N:NA:11^K:0.7%|10:ITA:Italy:N:EU:5.0^K:0.3%|11:RUS:Russia:N:EU:4.0^K:0.3%|12:CZE:Czech Rep.:N:EU:3.0^K:0.2%|13:BRA:Brazil:S:SA:3.0^K:0.2%|14:SVN:Slovenia:N:EU:2.0^K:0.1%|15:ESP:Spain:N:EU:2.0^K:0.1%|16::Unknown:X:XX:2.0^K:0.1%|17:NGA:Nigeria:S:AF:2.0^K:0.1%|18:KHM:Cambodia:S:AS:2.0^K:0.1%|19:HKG:Hong Kong:S:AS:2.0^K:0.1%|20:ROU:Romania:N:EU:1.0^K:0.07%|21:SWE:Sweden:N:EU:1.0^K:0.07%|22:GBR:UK:N:EU:1.0^K:0.07%|23:IND:India:S:AS:1.0^K:0.07%|24:POL:Poland:N:EU:1.0^K:0.07%|25:PHL:Philippines:S:AS:1.0^K:0.07%|26:VNM:Vietnam:S:AS:1.0^K:0.07%|27:FIN:Finland:N:EU:1.0^K:0.07%|28:TWN:Taiwan:S:AS:1.0^K:0.07%,MKD:13.6;
#58: Galician Wikipedia,GL,2.4^M,0.03% of 7.4^B,1.4^M,1:ESP:Spain:N:EU:827^K:57.4%|2:USA:US:N:NA:251^K:17.4%|3:DEU:Germany:N:EU:127^K:8.8%|4:FRA:France:N:EU:49^K:3.4%|5:BRA:Brazil:S:SA:45^K:3.1%|6:IDN:Indonesia:S:AS:22^K:1.5%|7:PRT:Portugal:N:EU:19^K:1.3%|8:CAN:Canada:N:NA:18^K:1.2%|9:HKG:Hong Kong:S:AS:17^K:1.2%|10:CHN:China:S:AS:16^K:1.1%|11:ITA:Italy:N:EU:8.0^K:0.6%|12:GBR:UK:N:EU:8.0^K:0.6%|13:MEX:Mexico:S:NA:7.0^K:0.5%|14:CZE:Czech Rep.:N:EU:3.0^K:0.2%|15::Unknown:X:XX:3.0^K:0.2%|16:NGA:Nigeria:S:AF:2.0^K:0.1%|17:NLD:Netherlands:N:EU:2.0^K:0.1%|18:RUS:Russia:N:EU:2.0^K:0.1%|19:KHM:Cambodia:S:AS:2.0^K:0.1%|20:ROU:Romania:N:EU:2.0^K:0.1%|21:VEN:Venezuela:S:SA:2.0^K:0.1%|22:IND:India:S:AS:2.0^K:0.1%|23:PHL:Philippines:S:AS:2.0^K:0.1%|24:SWE:Sweden:N:EU:2.0^K:0.1%|25:PAK:Pakistan:S:AS:1.0^K:0.07%|26:BEL:Belgium:N:EU:1.0^K:0.07%|27:SVN:Slovenia:N:EU:1.0^K:0.07%|28:KOR:South Korea:N:AS:1.0^K:0.07%,ESP:0.3;
#59: Uzbek Wikipedia,UZ,23.5^M,0.3% of 7.4^B,1.4^M,1:UZB:Uzbekistan:S:AS:811^K:58.0%|2:USA:US:N:NA:295^K:21.1%|3:RUS:Russia:N:EU:92^K:6.6%|4:DEU:Germany:N:EU:72^K:5.1%|5:HKG:Hong Kong:S:AS:45^K:3.2%|6:CHN:China:S:AS:33^K:2.4%|7:FRA:France:N:EU:32^K:2.3%|8:CAN:Canada:N:NA:5.0^K:0.4%|9:ITA:Italy:N:EU:3.0^K:0.2%|10:IDN:Indonesia:S:AS:2.0^K:0.1%|11:BRA:Brazil:S:SA:2.0^K:0.1%|12:KHM:Cambodia:S:AS:1.0^K:0.07%|13:NGA:Nigeria:S:AF:1.0^K:0.07%|14:ESP:Spain:N:EU:1.0^K:0.07%|15:KGZ:Kyrgyzstan:S:AS:1.0^K:0.07%|16:IND:India:S:AS:1.0^K:0.07%|17:GBR:UK:N:EU:1.0^K:0.07%|18:ROU:Romania:N:EU:1.0^K:0.07%,UZB:12.7;
#60: Afrikaans Wikipedia,AF,13.0^M,0.2% of 7.4^B,1.4^M,1:ZAF:South Africa:S:AF:610^K:44.0%|2:USA:US:N:NA:270^K:19.5%|3:DEU:Germany:N:EU:115^K:8.3%|4:HKG:Hong Kong:S:AS:108^K:7.8%|5:NLD:Netherlands:N:EU:57^K:4.1%|6:FRA:France:N:EU:53^K:3.8%|7:IND:India:S:AS:35^K:2.5%|8:NAM:Namibia:S:AF:29^K:2.1%|9:CHN:China:S:AS:21^K:1.5%|10:CAN:Canada:N:NA:13^K:0.9%|11:IDN:Indonesia:S:AS:11^K:0.8%|12:COL:Colombia:S:SA:10^K:0.7%|13:THA:Thailand:S:AS:10^K:0.7%|14:GBR:UK:N:EU:9.0^K:0.6%|15:BRA:Brazil:S:SA:9.0^K:0.6%|16:ITA:Italy:N:EU:7.0^K:0.5%|17:PHL:Philippines:S:AS:2.0^K:0.1%|18:ESP:Spain:N:EU:2.0^K:0.1%|19:RUS:Russia:N:EU:2.0^K:0.1%|20:CHE:Switzerland:N:EU:1.0^K:0.07%|21::Unknown:X:XX:1.0^K:0.07%|22:KOR:South Korea:N:AS:1.0^K:0.07%|23:BEL:Belgium:N:EU:1.0^K:0.07%|24:SVN:Slovenia:N:EU:1.0^K:0.07%|25:JPN:Japan:N:AS:1.0^K:0.07%|26:ROU:Romania:N:EU:1.0^K:0.07%|27:TWN:Taiwan:S:AS:1.0^K:0.07%|28:DZA:Algeria:S:AF:1.0^K:0.07%|29:KHM:Cambodia:S:AS:1.0^K:0.07%|30:NGA:Nigeria:S:AF:1.0^K:0.07%|31:CHL:Chile:S:SA:1.0^K:0.07%,HKG:0.1;ZAF:1.4;NAM:2.4;
#61: Basque Wikipedia,EU,635^K,0.009% of 7.4^B,1.4^M,1:ESP:Spain:N:EU:772^K:55.8%|2:USA:US:N:NA:249^K:18.0%|3:DEU:Germany:N:EU:177^K:12.8%|4:FRA:France:N:EU:62^K:4.5%|5:CHN:China:S:AS:38^K:2.7%|6:IDN:Indonesia:S:AS:19^K:1.4%|7:CAN:Canada:N:NA:15^K:1.1%|8:HKG:Hong Kong:S:AS:13^K:0.9%|9:GBR:UK:N:EU:6.0^K:0.4%|10:ITA:Italy:N:EU:6.0^K:0.4%|11:BRA:Brazil:S:SA:5.0^K:0.4%|12::Unknown:X:XX:3.0^K:0.2%|13:CZE:Czech Rep.:N:EU:3.0^K:0.2%|14:SWE:Sweden:N:EU:2.0^K:0.1%|15:PHL:Philippines:S:AS:2.0^K:0.1%|16:IND:India:S:AS:2.0^K:0.1%|17:ROU:Romania:N:EU:2.0^K:0.1%|18:KHM:Cambodia:S:AS:2.0^K:0.1%|19:NGA:Nigeria:S:AF:2.0^K:0.1%|20:VEN:Venezuela:S:SA:1.0^K:0.07%|21:SVN:Slovenia:N:EU:1.0^K:0.07%|22:RUS:Russia:N:EU:1.0^K:0.07%|23:NLD:Netherlands:N:EU:1.0^K:0.07%,ESP:0.3;
#62: Kannada Wikipedia,KN,47.0^M,0.6% of 7.4^B,1.3^M,1:IND:India:S:AS:898^K:71.3%|2:USA:US:N:NA:256^K:20.3%|3:DEU:Germany:N:EU:40^K:3.2%|4:FRA:France:N:EU:36^K:2.9%|5:JPN:Japan:N:AS:15^K:1.2%|6:SGP:Singapore:S:AS:8.0^K:0.6%|7:BRA:Brazil:S:SA:2.0^K:0.2%|8:CAN:Canada:N:NA:1.0^K:0.08%|9:CHN:China:S:AS:1.0^K:0.08%|10:IDN:Indonesia:S:AS:1.0^K:0.08%|11:HKG:Hong Kong:S:AS:1.0^K:0.08%|12:TWN:Taiwan:S:AS:1.0^K:0.08%,IND:0.2;
#63: Belarusian Wikipedia,BE,6.5^M,0.09% of 7.4^B,1.0^M,1:BLR:Belarus:N:EU:275^K:26.3%|2:USA:US:N:NA:259^K:24.7%|3:DEU:Germany:N:EU:222^K:21.2%|4:CHN:China:S:AS:59^K:5.6%|5:FRA:France:N:EU:43^K:4.1%|6:RUS:Russia:N:EU:34^K:3.2%|7:HKG:Hong Kong:S:AS:29^K:2.8%|8:UKR:Ukraine:N:EU:26^K:2.5%|9:POL:Poland:N:EU:23^K:2.2%|10:IDN:Indonesia:S:AS:19^K:1.8%|11:CAN:Canada:N:NA:13^K:1.2%|12:ITA:Italy:N:EU:7.0^K:0.7%|13:ESP:Spain:N:EU:5.0^K:0.5%|14::Unknown:X:XX:5.0^K:0.5%|15:BRA:Brazil:S:SA:5.0^K:0.5%|16:CZE:Czech Rep.:N:EU:5.0^K:0.5%|17:GBR:UK:N:EU:3.0^K:0.3%|18:NLD:Netherlands:N:EU:3.0^K:0.3%|19:IND:India:S:AS:2.0^K:0.2%|20:KHM:Cambodia:S:AS:2.0^K:0.2%|21:NGA:Nigeria:S:AF:2.0^K:0.2%|22:SWE:Sweden:N:EU:1.0^K:0.10%|23:PHL:Philippines:S:AS:1.0^K:0.10%|24:ROU:Romania:N:EU:1.0^K:0.10%|25:SVN:Slovenia:N:EU:1.0^K:0.10%|26:TWN:Taiwan:S:AS:1.0^K:0.10%|27:VNM:Vietnam:S:AS:1.0^K:0.10%,BLR:0.8;
#64: Nynorsk Wikipedia,NN,4.7^M,0.06% of 7.4^B,1.0^M,1:NOR:Norway:N:EU:580^K:57.5%|2:USA:US:N:NA:206^K:20.4%|3:DEU:Germany:N:EU:114^K:11.3%|4:FRA:France:N:EU:31^K:3.1%|5:GBR:UK:N:EU:16^K:1.6%|6:CHN:China:S:AS:12^K:1.2%|7:IDN:Indonesia:S:AS:11^K:1.1%|8:CAN:Canada:N:NA:8.0^K:0.8%|9:HKG:Hong Kong:S:AS:7.0^K:0.7%|10:SWE:Sweden:N:EU:5.0^K:0.5%|11:ITA:Italy:N:EU:4.0^K:0.4%|12:CZE:Czech Rep.:N:EU:3.0^K:0.3%|13:BRA:Brazil:S:SA:3.0^K:0.3%|14:NGA:Nigeria:S:AF:2.0^K:0.2%|15:KHM:Cambodia:S:AS:2.0^K:0.2%|16:RUS:Russia:N:EU:1.0^K:0.10%|17:SVN:Slovenia:N:EU:1.0^K:0.10%|18:ROU:Romania:N:EU:1.0^K:0.10%|19:PHL:Philippines:S:AS:1.0^K:0.10%,NOR:1.1;
#65: Swahili Wikipedia,SW,50.0^M,0.7% of 7.4^B,978^K,1:TZA:Tanzania:S:AF:512^K:52.4%|2:USA:US:N:NA:199^K:20.3%|3:KEN:Kenya:S:AF:147^K:15.0%|4:DEU:Germany:N:EU:46^K:4.7%|5:IRL:Ireland:N:EU:33^K:3.4%|6:FRA:France:N:EU:18^K:1.8%|7:CHN:China:S:AS:7.0^K:0.7%|8:ITA:Italy:N:EU:4.0^K:0.4%|9:HKG:Hong Kong:S:AS:3.0^K:0.3%|10:IDN:Indonesia:S:AS:3.0^K:0.3%|11:CAN:Canada:N:NA:2.0^K:0.2%|12:BRA:Brazil:S:SA:2.0^K:0.2%|13:GBR:UK:N:EU:1.0^K:0.1%|14:ROU:Romania:N:EU:1.0^K:0.1%,KEN:0.9;TZA:8.7;
#67: Kyrghyz Wikipedia,KY,4.3^M,0.06% of 7.4^B,709^K,1:KGZ:Kyrgyzstan:S:AS:533^K:75.2%|2:USA:US:N:NA:65^K:9.2%|3:DEU:Germany:N:EU:43^K:6.1%|4:RUS:Russia:N:EU:31^K:4.4%|5:FRA:France:N:EU:24^K:3.4%|6:ITA:Italy:N:EU:3.0^K:0.4%|7:CHN:China:S:AS:2.0^K:0.3%|8:IDN:Indonesia:S:AS:2.0^K:0.3%|9:BRA:Brazil:S:SA:2.0^K:0.3%|10:HKG:Hong Kong:S:AS:2.0^K:0.3%|11:CAN:Canada:N:NA:1.0^K:0.1%|12:POL:Poland:N:EU:1.0^K:0.1%,KGZ:10.1;
#68: Sinhala Wikipedia,SI,19.0^M,0.3% of 7.4^B,661^K,1:LKA:Sri Lanka:S:AS:539^K:81.5%|2:USA:US:N:NA:59^K:8.9%|3:DEU:Germany:N:EU:46^K:7.0%|4:FRA:France:N:EU:12^K:1.8%|5:CAN:Canada:N:NA:2.0^K:0.3%|6:HKG:Hong Kong:S:AS:1.0^K:0.2%|7:IDN:Indonesia:S:AS:1.0^K:0.2%|8:NGA:Nigeria:S:AF:1.0^K:0.2%,LKA:4.3;
#69: Icelandic Wikipedia,IS,330^K,0.004% of 7.4^B,638^K,1:ISL:Iceland:N:EU:345^K:54.1%|2:USA:US:N:NA:122^K:19.1%|3:DEU:Germany:N:EU:74^K:11.6%|4:FRA:France:N:EU:40^K:6.3%|5:CAN:Canada:N:NA:11^K:1.7%|6:IDN:Indonesia:S:AS:10^K:1.6%|7:CHN:China:S:AS:9.0^K:1.4%|8:JPN:Japan:N:AS:8.0^K:1.3%|9:ITA:Italy:N:EU:3.0^K:0.5%|10:HKG:Hong Kong:S:AS:3.0^K:0.5%|11:BRA:Brazil:S:SA:3.0^K:0.5%|12:KHM:Cambodia:S:AS:2.0^K:0.3%|13:GBR:UK:N:EU:2.0^K:0.3%|14:NGA:Nigeria:S:AF:1.0^K:0.2%|15:RUS:Russia:N:EU:1.0^K:0.2%|16:ROU:Romania:N:EU:1.0^K:0.2%|17:SVN:Slovenia:N:EU:1.0^K:0.2%|18:SWE:Sweden:N:EU:1.0^K:0.2%|19:IND:India:S:AS:1.0^K:0.2%,ISL:9.1;
#72: Mongolian Wikipedia,MN,5.2^M,0.07% of 7.4^B,528^K,1:MNG:Mongolia:S:AS:350^K:66.3%|2:USA:US:N:NA:102^K:19.3%|3:DEU:Germany:N:EU:49^K:9.3%|4:FRA:France:N:EU:15^K:2.8%|5:CHN:China:S:AS:6.0^K:1.1%|6:BRA:Brazil:S:SA:2.0^K:0.4%|7:IDN:Indonesia:S:AS:1.0^K:0.2%|8:ITA:Italy:N:EU:1.0^K:0.2%|9:HKG:Hong Kong:S:AS:1.0^K:0.2%|10:CAN:Canada:N:NA:1.0^K:0.2%,MNG:17.1;
#73: Burmese Wikipedia,MY,52.0^M,0.7% of 7.4^B,506^K,1:USA:US:N:NA:187^K:37.0%|2:MMR:Burma:S:AS:185^K:36.6%|3:DEU:Germany:N:EU:42^K:8.3%|4:FRA:France:N:EU:32^K:6.3%|5:THA:Thailand:S:AS:30^K:5.9%|6:KOR:South Korea:N:AS:14^K:2.8%|7:GBR:UK:N:EU:4.0^K:0.8%|8:BRA:Brazil:S:SA:2.0^K:0.4%|9:IDN:Indonesia:S:AS:2.0^K:0.4%|10:CHN:China:S:AS:2.0^K:0.4%|11:CAN:Canada:N:NA:2.0^K:0.4%|12:TWN:Taiwan:S:AS:1.0^K:0.2%|13:NGA:Nigeria:S:AF:1.0^K:0.2%|14:IND:India:S:AS:1.0^K:0.2%|15:SVN:Slovenia:N:EU:1.0^K:0.2%,MMR:4.4;
#78: Sorani Wikipedia,CKB,7.5^M,0.1% of 7.4^B,401^K,1:USA:US:N:NA:158^K:39.4%|2:IRQ:Iraq:S:AS:121^K:30.2%|3:DEU:Germany:N:EU:64^K:16.0%|4:FRA:France:N:EU:19^K:4.7%|5:IRL:Ireland:N:EU:14^K:3.5%|6:CHN:China:S:AS:8.0^K:2.0%|7:IDN:Indonesia:S:AS:5.0^K:1.2%|8:ESP:Spain:N:EU:2.0^K:0.5%|9:CAN:Canada:N:NA:2.0^K:0.5%|10:BRA:Brazil:S:SA:2.0^K:0.5%|11:GBR:UK:N:EU:1.0^K:0.2%|12:SVN:Slovenia:N:EU:1.0^K:0.2%|13:ITA:Italy:N:EU:1.0^K:0.2%|14:KHM:Cambodia:S:AS:1.0^K:0.2%|15:IRN:Iran:S:AS:1.0^K:0.2%|16:NGA:Nigeria:S:AF:1.0^K:0.2%,IRQ:0.9;
#79:  Wikipedia,BE-TARASK,^,^ of 7.4^B,400^K,1:DEU:Germany:N:EU:118^K:29.5%|2:BLR:Belarus:N:EU:100^K:25.0%|3:USA:US:N:NA:89^K:22.2%|4:FRA:France:N:EU:25^K:6.2%|5:RUS:Russia:N:EU:17^K:4.2%|6:CHN:China:S:AS:11^K:2.8%|7:KOR:South Korea:N:AS:8.0^K:2.0%|8:CAN:Canada:N:NA:6.0^K:1.5%|9:HKG:Hong Kong:S:AS:4.0^K:1.0%|10:BRA:Brazil:S:SA:4.0^K:1.0%|11:IDN:Indonesia:S:AS:4.0^K:1.0%|12:NLD:Netherlands:N:EU:3.0^K:0.8%|13:ITA:Italy:N:EU:3.0^K:0.8%|14:ESP:Spain:N:EU:2.0^K:0.5%|15:KHM:Cambodia:S:AS:1.0^K:0.2%|16:VNM:Vietnam:S:AS:1.0^K:0.2%|17:NGA:Nigeria:S:AF:1.0^K:0.2%|18:POL:Poland:N:EU:1.0^K:0.2%|19:IND:India:S:AS:1.0^K:0.2%|20:SVN:Slovenia:N:EU:1.0^K:0.2%,BLR:0.3;
#80: Asturian Wikipedia,AST,450^K,0.006% of 7.4^B,382^K,1:VEN:Venezuela:S:SA:118^K:30.9%|2:USA:US:N:NA:110^K:28.8%|3:ESP:Spain:N:EU:53^K:13.9%|4:DEU:Germany:N:EU:46^K:12.0%|5:FRA:France:N:EU:20^K:5.2%|6:CHN:China:S:AS:8.0^K:2.1%|7:HKG:Hong Kong:S:AS:6.0^K:1.6%|8:BOL:Bolivia:S:SA:6.0^K:1.6%|9:ITA:Italy:N:EU:3.0^K:0.8%|10:IDN:Indonesia:S:AS:3.0^K:0.8%|11:CAN:Canada:N:NA:3.0^K:0.8%|12:BRA:Brazil:S:SA:2.0^K:0.5%|13:NGA:Nigeria:S:AF:1.0^K:0.3%|14:KHM:Cambodia:S:AS:1.0^K:0.3%|15:MEX:Mexico:S:NA:1.0^K:0.3%|16:GBR:UK:N:EU:1.0^K:0.3%,VEN:0.2;
#81: Khmer Wikipedia,KM,18.5^M,0.3% of 7.4^B,374^K,1:KHM:Cambodia:S:AS:252^K:67.4%|2:USA:US:N:NA:31^K:8.3%|3:THA:Thailand:S:AS:28^K:7.5%|4:VNM:Vietnam:S:AS:27^K:7.2%|5:DEU:Germany:N:EU:25^K:6.7%|6:FRA:France:N:EU:10^K:2.7%|7:CAN:Canada:N:NA:1.0^K:0.3%,KHM:4.5;
#82: Luxembourgish Wikipedia,LB,390^K,0.005% of 7.4^B,370^K,1:USA:US:N:NA:99^K:26.8%|2:LUX:Luxembourg:N:EU:73^K:19.7%|3:DEU:Germany:N:EU:64^K:17.3%|4:HKG:Hong Kong:S:AS:45^K:12.2%|5:FRA:France:N:EU:37^K:10.0%|6:CHN:China:S:AS:18^K:4.9%|7:BEL:Belgium:N:EU:8.0^K:2.2%|8:RUS:Russia:N:EU:7.0^K:1.9%|9:IDN:Indonesia:S:AS:5.0^K:1.4%|10:CAN:Canada:N:NA:5.0^K:1.4%|11:ITA:Italy:N:EU:3.0^K:0.8%|12:BRA:Brazil:S:SA:2.0^K:0.5%|13:AUS:Australia:N:OC:1.0^K:0.3%|14:SWE:Sweden:N:EU:1.0^K:0.3%|15:TUN:Tunisia:S:AF:1.0^K:0.3%|16:GBR:UK:N:EU:1.0^K:0.3%,LUX:1.1;
#83: Amharic Wikipedia,AM,25.0^M,0.3% of 7.4^B,369^K,1:ETH:Ethiopia:S:AF:233^K:63.1%|2:USA:US:N:NA:81^K:22.0%|3:DEU:Germany:N:EU:31^K:8.4%|4:FRA:France:N:EU:18^K:4.9%|5:BRA:Brazil:S:SA:2.0^K:0.5%|6:CHN:China:S:AS:1.0^K:0.3%|7:HKG:Hong Kong:S:AS:1.0^K:0.3%|8:IDN:Indonesia:S:AS:1.0^K:0.3%|9:GBR:UK:N:EU:1.0^K:0.3%,ETH:7.1;
#84: Igbo Wikipedia,IG,22.5^M,0.3% of 7.4^B,365^K,1:NGA:Nigeria:S:AF:343^K:94.0%|2:USA:US:N:NA:18^K:4.9%|3:DEU:Germany:N:EU:3.0^K:0.8%|4:FRA:France:N:EU:1.0^K:0.3%,NGA:0.9;
#85: Nepali Wikipedia,NE,30.0^M,0.4% of 7.4^B,353^K,1:NPL:Nepal:S:AS:154^K:43.6%|2:USA:US:N:NA:95^K:26.9%|3:DEU:Germany:N:EU:54^K:15.3%|4:IND:India:S:AS:30^K:8.5%|5:FRA:France:N:EU:12^K:3.4%|6:BRA:Brazil:S:SA:2.0^K:0.6%|7:ITA:Italy:N:EU:2.0^K:0.6%|8:CAN:Canada:N:NA:1.0^K:0.3%|9:ARE:UAE:S:AS:1.0^K:0.3%|10:IDN:Indonesia:S:AS:1.0^K:0.3%|11:CHN:China:S:AS:1.0^K:0.3%,NPL:1.9;
#86: Javanese Wikipedia,JV,80.0^M,1.1% of 7.4^B,337^K,1:USA:US:N:NA:135^K:40.1%|2:IDN:Indonesia:S:AS:120^K:35.6%|3:DEU:Germany:N:EU:45^K:13.4%|4:FRA:France:N:EU:20^K:5.9%|5:CHN:China:S:AS:4.0^K:1.2%|6:ITA:Italy:N:EU:3.0^K:0.9%|7:CAN:Canada:N:NA:2.0^K:0.6%|8:HKG:Hong Kong:S:AS:2.0^K:0.6%|9:BRA:Brazil:S:SA:2.0^K:0.6%|10:SVN:Slovenia:N:EU:1.0^K:0.3%|11:GBR:UK:N:EU:1.0^K:0.3%|12:NGA:Nigeria:S:AF:1.0^K:0.3%|13:KHM:Cambodia:S:AS:1.0^K:0.3%,IDN:0.10;
#94: Somali Wikipedia,SO,13.5^M,0.2% of 7.4^B,278^K,1:SOM:Somalia:S:AF:106^K:38.1%|2:USA:US:N:NA:85^K:30.6%|3:SWE:Sweden:N:EU:26^K:9.4%|4:DEU:Germany:N:EU:25^K:9.0%|5:ETH:Ethiopia:S:AF:16^K:5.8%|6:FRA:France:N:EU:10^K:3.6%|7:KEN:Kenya:S:AF:5.0^K:1.8%|8:CAN:Canada:N:NA:2.0^K:0.7%|9:IDN:Indonesia:S:AS:2.0^K:0.7%|10:BRA:Brazil:S:SA:1.0^K:0.4%,ETH:0.5;SOM:12.2;
#101: Tajik Wikipedia,TG,7.9^M,0.1% of 7.4^B,223^K,1:TJK:Tajikistan:S:AS:79^K:35.4%|2:USA:US:N:NA:65^K:29.1%|3:DEU:Germany:N:EU:47^K:21.1%|4:FRA:France:N:EU:14^K:6.3%|5:KOR:South Korea:N:AS:3.0^K:1.3%|6:RUS:Russia:N:EU:3.0^K:1.3%|7:IDN:Indonesia:S:AS:2.0^K:0.9%|8:ITA:Italy:N:EU:2.0^K:0.9%|9:BRA:Brazil:S:SA:2.0^K:0.9%|10:HKG:Hong Kong:S:AS:2.0^K:0.9%|11:CHN:China:S:AS:2.0^K:0.9%|12:CAN:Canada:N:NA:1.0^K:0.4%|13:PAK:Pakistan:S:AS:1.0^K:0.4%,TJK:4.5;
#116: Guarani Wikipedia,GN,7.0^M,0.09% of 7.4^B,141^K,1:PRY:Paraguay:S:SA:91^K:64.5%|2:USA:US:N:NA:33^K:23.4%|3:DEU:Germany:N:EU:13^K:9.2%|4:BRA:Brazil:S:SA:4.0^K:2.8%,PRY:0.8;
#126: Malagasy Wikipedia,MG,20.0^M,0.3% of 7.4^B,121^K,1:USA:US:N:NA:55^K:45.5%|2:DEU:Germany:N:EU:32^K:26.4%|3:MDG:Madagascar:S:AF:23^K:19.0%|4:FRA:France:N:EU:4.0^K:3.3%|5:CHN:China:S:AS:2.0^K:1.7%|6:ITA:Italy:N:EU:2.0^K:1.7%|7:BRA:Brazil:S:SA:2.0^K:1.7%|8:IDN:Indonesia:S:AS:1.0^K:0.8%,MDG:1.0;
#127: Faroese Wikipedia,FO,66^K,0.0009% of 7.4^B,114^K,1:USA:US:N:NA:51^K:44.7%|2:DEU:Germany:N:EU:31^K:27.2%|3:FRA:France:N:EU:19^K:16.7%|4:FRO:Faroe Islands:N:EU:5.0^K:4.4%|5:JPN:Japan:N:AS:2.0^K:1.8%|6:CAN:Canada:N:NA:2.0^K:1.8%|7:BRA:Brazil:S:SA:2.0^K:1.8%|8:IDN:Indonesia:S:AS:1.0^K:0.9%|9:CHN:China:S:AS:1.0^K:0.9%,FRO:1.2;
#132: Laotian Wikipedia,LO,22.5^M,0.3% of 7.4^B,100^K,1:LAO:Laos:S:AS:37^K:37.0%|2:USA:US:N:NA:33^K:33.0%|3:DEU:Germany:N:EU:17^K:17.0%|4:FRA:France:N:EU:7.0^K:7.0%|5:CAN:Canada:N:NA:2.0^K:2.0%|6:IND:India:S:AS:1.0^K:1.0%|7:IDN:Indonesia:S:AS:1.0^K:1.0%|8:BRA:Brazil:S:SA:1.0^K:1.0%|9:TWN:Taiwan:S:AS:1.0^K:1.0%,LAO:3.8;
#136: Pashto Wikipedia,PS,26.0^M,0.4% of 7.4^B,93^K,1:USA:US:N:NA:39^K:41.9%|2:DEU:Germany:N:EU:24^K:25.8%|3:AFG:Afghanistan:S:AS:17^K:18.3%|4:FRA:France:N:EU:10^K:10.8%|5:BRA:Brazil:S:SA:1.0^K:1.1%|6:NGA:Nigeria:S:AF:1.0^K:1.1%|7:PAK:Pakistan:S:AS:1.0^K:1.1%,AFG:0.10;
#137: Turkmen Wikipedia,TK,9.0^M,0.1% of 7.4^B,91^K,1:USA:US:N:NA:37^K:40.7%|2:TKM:Turkmenistan:S:AS:32^K:35.2%|3:DEU:Germany:N:EU:15^K:16.5%|4:FRA:France:N:EU:7.0^K:7.7%,TKM:1.5;
#142: Oromo Wikipedia,OM,25.5^M,0.3% of 7.4^B,85^K,1:ETH:Ethiopia:S:AF:73^K:85.9%|2:USA:US:N:NA:12^K:14.1%,ETH:2.2;
#168: Kinyarwanda Wikipedia,RW,12.0^M,0.2% of 7.4^B,58^K,1:USA:US:N:NA:50^K:86.2%|2:RWA:Rwanda:S:AF:4.0^K:6.9%|3:DEU:Germany:N:EU:3.0^K:5.2%|4:IRL:Ireland:N:EU:1.0^K:1.7%,RWA:0.4;
#174: Maltese Wikipedia,MT,520^K,0.007% of 7.4^B,53^K,1:USA:US:N:NA:26^K:49.1%|2:MLT:Malta:N:EU:15^K:28.3%|3:DEU:Germany:N:EU:8.0^K:15.1%|4:KOR:South Korea:N:AS:3.0^K:5.7%|5:BRA:Brazil:S:SA:1.0^K:1.9%,MLT:0.4;
#181: Divehi Wikipedia,DV,300^K,0.004% of 7.4^B,49^K,1:USA:US:N:NA:29^K:59.2%|2:DEU:Germany:N:EU:11^K:22.4%|3:MDV:Maldives:S:AS:8.0^K:16.3%|4:IDN:Indonesia:S:AS:1.0^K:2.0%,MDV:0.8;
