MEDIA TREND REPORT,,,Geography :,Geography :,Worldwide,Worldwide,Worldwide,Worldwide,Worldwide,,,,,,,
,,,Location :,Location :,All Locations,All Locations,All Locations,All Locations,All Locations,,,,,,,
,,,Time Period :,Time Period :,May 2008 - July 2009,May 2008 - July 2009,May 2008 - July 2009,May 2008 - July 2009,May 2008 - July 2009,,,,,,,
,,,Target :,Target :,Total Audience,Total Audience,Total Audience,Total Audience,Total Audience,,"¸2009 comScore, Inc","¸2009 comScore, Inc","¸2009 comScore, Inc",,,
,,,Media :,Media :,"123HELPME.COM,17U.COM,5156EDU.COM,5BALLOV.RU,Abach...","123HELPME.COM,17U.COM,5156EDU.COM,5BALLOV.RU,Abach...","123HELPME.COM,17U.COM,5156EDU.COM,5BALLOV.RU,Abach...","123HELPME.COM,17U.COM,5156EDU.COM,5BALLOV.RU,Abach...","123HELPME.COM,17U.COM,5156EDU.COM,5BALLOV.RU,Abach...",,,,,,,
,,,Measures :,Measures :,Total Unique Visitors (000),Total Unique Visitors (000),Total Unique Visitors (000),Total Unique Visitors (000),Total Unique Visitors (000),,,,,,,
,,,Date :,Date :,8/25/2009,8/25/2009,8/25/2009,8/25/2009,8/25/2009,,,,,,,
,,,,,,,,,,,,,,,,
Items 1 to 300,Items 1 to 300,Items 1 to 300, May-2008, Jun-2008, Jul-2008, Aug-2008, Sep-2008, Oct-2008, Nov-2008, Dec-2008, Jan-2009, Feb-2009, Mar-2009, Apr-2009, May-2009, Jun-2009
,,Total Internet : Total Audience ,"853,119","860,514","949,583","960,198","971,945","984,396","996,304","1,007,730","1,020,582","1,078,911","1,092,598","1,108,031","1,122,331","1,135,656"
1,[P],Wikimedia Foundation Sites,"263,120","251,502","244,326","248,539","272,109","277,208","280,969","272,998","289,811","300,751","327,148","320,043","317,255","302,940"
2,[C],Yahoo! Answers,"143,909","142,715","146,075","149,337","152,436","153,957","143,925","144,741","155,702","163,464","177,859","178,535","170,319","165,595"
3,[C],Baidu Answers,"34,501","37,140","60,399","69,075","73,697","74,097","68,363","71,500","64,327","71,848","69,060","70,580","78,630","81,646"
4,[P],Answers.com Sites,"31,110","30,661","30,005","34,079","39,598","41,814","41,545","39,696","44,958","45,703","50,176","51,780","52,660","48,261"
5,[C],Baidu Encyclopedia,"7,058","8,372","12,914","15,552","24,002","34,697","33,597","38,909","35,407","42,677","42,871","41,207","36,967","40,775"
6,[M],THEFREEDICTIONARY.COM (w/ history),"5,310","4,085","4,655","3,841","13,653","14,756","15,678","14,768","17,368","18,656","21,480","23,172","22,202","20,303"
7,[M],DICTIONARY.COM (w/ history),"18,690","14,997","14,100","16,208","21,354","21,377","19,899","19,724","21,783","20,439","21,606","21,024","20,618","17,784"
8,[C],SINA iAsk,N/A,N/A,N/A,N/A,N/A,"24,318","22,250","22,628","20,110","24,586","20,549","15,035","13,144","17,549"
9,[C],Naver.com Knowledge IN,"12,638","11,916","11,526","14,632","13,582","14,785","14,269","15,294","14,945","16,208","16,162","16,546","14,900","14,388"
10,[P],Wikia Sites,N/A,N/A,N/A,N/A,N/A,N/A,N/A,N/A,N/A,"11,981","12,348","14,135","14,274","14,200"
11,[C],Goo Teaching,"10,608","9,716","8,967","8,919","9,172","9,635","9,961","10,495","12,828","11,327","13,450","13,204","14,351","13,939"
12,[P],Encyclopaedia Britannica,"15,960","13,648","11,418","11,328","15,148","15,038","13,468","13,170","14,750","15,005","17,056","15,950","15,460","12,371"
13,[P],ASSOCIATEDCONTENT.COM,"7,953","8,011","8,651","8,679","8,920","10,947","9,969","10,587","11,085","10,611","11,603","11,865","13,164","11,606"
14,[C],Yahoo! Dictionary,"11,023","10,348","10,448","10,353","10,252","9,678","10,351","10,037","11,055","10,343","10,890","11,155","11,245","10,676"
15,[M],REVERSO.NET*,"6,830","6,021","4,988","5,362","7,238","8,029","7,599","6,849","7,791","8,712","10,080","9,607","11,007","10,334"
16,[P],WORDREFERENCE.COM,"8,372","7,116","6,133","6,479","8,633","9,152","8,716","7,912","8,588","9,805","11,148","10,822","11,389","10,268"
17,[M],ICIBA.COM,"3,326","3,753","5,611","8,057","7,905","7,085","7,571","6,889","5,214","6,521","6,930","7,708","6,563","9,414"
18,[M],HOWSTUFFWORKS.COM,"9,301","8,011","7,035","6,563","7,486","8,249","7,299","7,972","9,182","8,703","10,149","9,895","9,732","7,901"
19,[P],URBANDICTIONARY.COM,"5,278","5,157","5,413","5,000","5,238","5,941","5,431","6,100","6,323","6,515","7,472","7,980","7,454","7,066"
20,[C],Naver.com Dictionary,"5,206","5,153","4,147","4,900","6,175","6,287","5,684","6,071","5,884","6,581","6,820","7,030","6,168","6,413"
21,[C],ANSWERBAG.COM*,N/A,N/A,N/A,N/A,N/A,N/A,"6,440","5,853","6,910","6,337","6,884","6,570","6,854","5,660"
22,[M],Demand Media Network,"21,843","20,591","21,285","21,950","23,825","26,153","5,642","5,544","6,040","5,923","6,468","6,573","6,047","5,455"
23,[P],ARCHIVE.ORG,"3,601","3,402","3,469","3,349","3,395","3,897","4,011","4,158","4,597","4,757","5,753","5,681","5,359","5,386"
24,[P],SPRINGERLINK.COM,"6,776","5,895","5,252","2,058","5,991","6,330","6,140","5,177","5,500","5,794","7,231","6,785","6,096","4,996"
25,[P],ArticlesBase.com Sites,"1,327","1,220","1,656","1,593","2,374","2,493","2,606","2,874","4,434","4,506","4,970","4,790","4,223","4,739"
26,[M],WER-WEISS-WAS.DE,"3,244","3,377","3,587","3,640","4,047","3,779","4,440","4,299","5,120","4,729","5,408","5,002","5,287","4,580"
27,[C],ENCYCLOPEDIA.COM,N/A,N/A,N/A,N/A,"2,768","3,131","3,183","2,634","3,415","3,768","4,575","4,062","4,600","4,229"
28,[C],HIGHBEAM.COM,N/A,N/A,N/A,N/A,"1,993","3,240","4,416","5,541","5,627","5,725","5,909","5,103","4,387","3,959"
29,[M],THESAURUS.COM (w/ history),"4,208","3,509","3,046","3,407","5,055","5,416","4,589","4,416","5,134","4,813","5,350","5,004","4,498","3,915"
30,[C],Mail.Ru - Answers,"1,705","1,966","2,568","2,876","3,779","3,571","3,709","4,359","4,644","3,865","4,306","4,308","3,859","3,892"
31,[P],THINKEXIST.COM,"3,023","2,815","2,511","2,574","2,724","2,983","2,914","2,958","3,044","3,743","3,815","3,959","3,936","3,863"
32,[P],WISEGEEK.COM,"2,447","2,330","2,527","2,411","3,337","3,340","3,141","2,951","4,032","3,995","4,298","4,025","4,280","3,738"
33,[P],WEBLIO.JP,"1,863","1,702","1,809","1,966","1,426","1,707","1,676","1,295","1,883","1,984","1,965","2,441","3,300","3,722"
34,[P],FUTURA-SCIENCES.COM,"2,491","2,608","2,089","1,734","2,694","3,192","3,073","2,629","3,595","3,830","4,522","4,384","4,046","3,618"
35,[P],SOURTIMES.ORG,"3,469","2,920","2,918","2,874","2,763","2,678","2,919","2,600","2,701","3,595","4,262","4,016","3,821","3,533"
36,[C],Lycos Europe Lycos iQ,"3,430","3,257","3,291","3,370","3,824","3,881","3,798","3,327","3,358","3,517","3,820","3,519","3,633","3,390"
37,[M],INSTRUCTABLES.COM (w/ history),"1,815","1,692","1,837","1,823","1,995","2,501","2,391","2,498","2,655","2,817","3,127","3,250","3,270","3,102"
38,[P],WAPEDIA.MOBI,"1,696","1,090","1,150","1,276","1,428","1,101","1,488","1,500","1,666","1,696","3,444","3,656","3,752","2,902"
39,[M],BOOKRAGS.COM,"3,270","2,335","2,038","2,462","3,109","3,529","3,464","3,578","4,288","4,063","4,447","3,567","3,614","2,865"
40,[P],LEXILOGOS.COM,"2,370","2,194","1,660","1,519","2,584","2,882","2,594","2,574","3,137","3,458","3,750","3,716","3,334","2,763"
41,[P],BIBLEGATEWAY.COM,"2,784","2,848","2,732","2,466","2,750","2,974","2,914","2,692","3,199","2,952","3,562","3,562","3,054","2,744"
42,[M],REFERENCE.COM (w/ history),"4,226","2,836","2,558","2,703","4,085","3,944","3,418","2,839","3,451","3,346","3,086","2,985","2,578","2,531"
43,[P],SOCIETE.COM,"1,060",872,951,919,"1,253","1,545","1,250","1,163","1,374","1,427","1,441","1,410","1,214","2,432"
44,[P],BrainyMedia Sites,"2,611","2,051","2,263","1,964","2,257","2,305","2,139","2,171","2,791","2,641","2,809","2,844","2,647","2,330"
45,[P],17U.COM,"1,212",393,"2,548","2,419","2,280","2,313","2,465","2,179","2,826","2,944","3,283","1,884","2,200","2,248"
46,[P],ITUSOZLUK.COM,987,"1,377","1,871","1,704","1,816","1,958","1,959","1,995","2,051","2,715","2,785","2,652","2,454","2,237"
47,[P],DICT.CC,"1,943","1,649","1,601","1,787","2,054","2,155","2,442","2,579","2,685","2,424","2,939","2,381","2,350","2,182"
48,[P],TRANSLATE.RU,"1,092",942,"1,044","1,160","1,787","1,668","1,578","1,719","2,011","1,981","2,044","2,067","2,024","2,058"
49,[P],TRADUCEGRATIS.COM,"1,392","1,304","1,164","1,272","1,358","1,528","1,712","2,034","1,885","1,819","2,179","2,650","2,414","2,054"
50,[C],Voila.fr Translation,"2,440","2,102","1,448","1,595","1,929","1,904","2,026","1,634","1,810","1,792","2,157","2,185","2,354","1,990"
51,[P],VDICT.COM,674,680,771,975,894,"1,229","1,468","1,805","1,786","2,246","2,195","2,475","2,243","1,987"
52,[M],KALIPEDIA.COM,"1,159","1,096",603,862,"1,265","1,350","1,532",868,768,"1,753","2,297","1,946","2,358","1,958"
53,[C],INFOPLEASE.COM (w/ history),"4,297","2,416","2,200","2,716","3,303","3,594","3,266","2,846","4,045","3,582","3,489","3,080","3,345","1,948"
54,[P],ANTOLOJI.COM,"2,116","1,861","1,681","1,778","2,488","2,730","2,818","2,152","2,219","3,015","3,371","2,853","2,413","1,905"
55,[C],ALLEXPERTS.COM,"2,022","1,954","2,065","1,856","1,735","1,917","1,636","1,952","2,087","1,782","2,054","1,880","2,149","1,882"
56,[C],SCIENCEDIRECT.COM,"2,402","2,158","2,012","1,629","1,916","2,368","2,707","1,861","2,093","2,324","3,045","2,609","2,252","1,880"
57,[P],TURKCEBILGI.COM,"1,596","1,276","1,398","1,155","1,703","2,071","2,052","2,030","1,907","2,705","3,013","2,796","2,316","1,856"
58,[P],HOWTODOTHINGS.COM,748,795,690,631,744,876,904,891,"1,166","1,147","1,343","1,514","1,855","1,840"
59,[P],POEMHUNTER.COM,"2,262","1,691","1,279","1,412","1,586","1,698","1,682","1,988","1,849","2,215","1,984","2,226","2,176","1,796"
60,[C],Yandex Dictionary,"1,303","1,115","1,112","1,195","1,453","1,879","1,831","2,397","2,430","2,058","1,994","2,092","2,041","1,793"
61,[P],ASKMEHELPDESK.COM,"1,254","1,179","1,501","1,339","1,407","1,578","1,415","1,507","1,703","1,664","1,717","1,872","1,940","1,780"
62,[P],CONSUMERREPORTS.ORG,"2,719","2,311","2,366","2,081","2,015","2,071","2,586","2,808","2,449","2,168","2,050","2,206","1,984","1,741"
63,[C],Livedoor - Wiki,"1,311","1,271","1,451","1,490","1,653","1,715","1,592","1,413","1,527","1,366","1,554","1,354","1,644","1,691"
64,[M],YEDDA.COM*,802,617,"1,494","1,795",N/A,"1,500","1,628","1,932","2,207","1,630","1,807","1,786","1,558","1,682"
65,[P],BIOGRAFIASYVIDAS.COM,"1,959","1,559",914,"1,189","1,577","1,633","1,516",856,"1,118","1,394","2,019","1,649","1,755","1,612"
66,[P],SCIELO.BR,"1,893","2,092",840,"1,243","1,734","1,685","1,743",890,801,"1,270","2,013","1,584","1,554","1,597"
67,[P],QUESTIA.COM,"2,260","1,902","1,429","1,575","2,209","2,217","2,296","1,360","1,640","1,939","2,178","1,983","2,051","1,591"
68,[M],ACCESSMYLIBRARY.COM,"1,242","1,011","1,056",901,"1,628","1,457","1,594","1,426","1,797","1,675","1,809","1,733","1,894","1,529"
69,[P],WIKILEARNING.COM,"1,378","1,437","1,027","1,209","1,537","1,529","1,488",915,"1,064","1,475","1,617","1,440","1,565","1,502"
70,[P],UN.ORG,"1,904","1,577",991,"1,300","1,312","1,632","1,423","1,337","1,384","1,592","2,037","2,175","1,630","1,476"
71,[M],ENOTES.COM (w/ history),"1,774","1,283",825,924,"1,687","1,771","1,935","1,509","1,817","1,784","2,244","1,946","2,156","1,305"
72,[M],SPANISHDICT.COM (w/ history),830,570,558,826,"1,308","1,430","1,348","1,242","1,464","1,436","1,661","1,636","1,575","1,291"
73,[P],5156EDU.COM,N/A,N/A,N/A,N/A,N/A,N/A,"1,680","1,253",795,"1,204","1,577","1,294",895,"1,270"
74,[P],ONLINECONVERSION.COM,"1,109","1,173","1,118","1,074","1,153","1,222","1,021","1,240","1,377","1,300","1,411","1,377","1,385","1,226"
75,[P],ALC.CO.JP,"1,022","1,252","1,335","1,070","1,358","1,261","2,185","2,810","1,221","1,099","1,058","1,102","1,265","1,220"
76,[P],INFORMAWORLD.COM,"1,097",787,"1,302",814,854,"1,336","1,619","1,205","1,051","1,175","1,088","1,015","1,302","1,204"
77,[P],COINMILL.COM,466,557,573,673,545,619,855,887,934,"1,041","1,362","1,081","1,124","1,197"
78,[P],THAIGOODVIEW.COM,N/A,963,920,980,"1,057",439,917,844,"1,056","1,018",813,541,951,"1,153"
79,[P],LOTSOFESSAYS.COM,458,378,280,242,740,637,656,650,498,636,"1,603","1,435","1,507","1,096"
80,[P],WOXIKON.DE,"1,341",806,916,990,"1,206","1,263","1,251","1,221","1,331","1,281","1,412","1,139","1,076","1,082"
81,[P],WISDOMQUOTES.COM,624,694,629,625,788,868,725,747,812,822,956,967,"1,073","1,065"
82,[P],EVERYTHING2.COM,"1,461","1,227","1,395","1,172","1,444","1,436","1,416","1,187","1,346","1,127","1,573","1,434","1,205","1,026"
83,[P],WORLDCAT.ORG,891,"1,202",943,"1,023","1,065","1,207","1,249",902,"1,298","1,123","1,501","1,254","1,409","1,020"
84,[M],Ciao Sites (w/ history),"26,576","24,226","23,910","23,046","25,219","25,338","25,989","26,134","27,658","25,504","27,028","25,934","25,089","1,019"
85,[P],SMARTDRAW.COM,"1,421",950,"1,067","1,320","1,454","1,541","1,178",989,"1,317","1,320","1,426","1,211","1,260","1,013"
86,[P],MIJNWOORDENBOEK.NL,739,725,566,492,603,811,839,899,"1,019","1,061","1,177",944,"1,082","1,000"
87,[P],TRANSLATE.PL,"1,322","1,095","1,328","1,335","1,728","1,860","1,745","1,435","1,485","1,231","1,360","1,160","1,126",998
88,[P],GUNS.RU,459,461,456,533,729,954,714,"1,157",906,973,"1,078",910,994,997
89,[M],WEBOPEDIA.COM,660,777,795,691,787,854,905,654,"1,039",925,"1,101","1,025",841,943
90,[P],INGENTACONNECT.COM,"2,587","2,147","2,527","1,886","1,063","2,848","2,702","1,919","2,108","2,205","2,251",157,105,941
91,[P],BIREME.BR,"2,275","2,314","1,232",473,451,447,427,274,323,446,847,823,841,941
92,[P],AIES.CN,N/A,N/A,N/A,N/A,"1,597","1,348","1,318","1,149","1,136","1,157",898,783,592,899
93,[P],ANGLAISFACILE.COM,574,525,315,403,647,713,678,533,666,783,922,858,927,875
94,[P],EMERALDINSIGHT.COM,605,505,565,485,587,901,983,781,833,930,"1,015","1,186","1,239",850
95,[M],5BALLOV.RU,"1,494","1,066",566,217,598,876,"1,024","1,539",998,939,"1,199","1,226","1,129",842
96,[P],LAWTIME.CN,N/A,N/A,N/A,N/A,N/A,N/A,"1,004",806,690,747,717,726,812,837
97,[P],MEGAESSAYS.COM,921,591,430,470,967,"1,035","1,254",794,840,"1,191","1,411",995,"1,055",823
98,[M],Informit Network,702,590,817,711,606,533,672,625,832,727,677,779,679,816
99,[P],123HELPME.COM,"1,344",670,291,475,981,"1,065","1,116",951,853,"1,102","1,289","1,117","1,225",786
100,[C],LOVEPOEMSANDQUOTES.COM,N/A,N/A,N/A,N/A,732,719,685,893,780,"1,207",776,843,980,783
101,[C],LIBRARYTHING.COM (w/ history),319,288,238,400,453,514,624,755,755,633,807,907,969,778
102,[P],SLD.CU,"1,036",821,599,624,681,672,646,423,540,669,780,758,843,758
103,[P],SCIELO.CL,"1,066",828,625,725,804,727,653,550,474,687,929,856,750,737
104,[P],ALDEBARAN.RU,711,523,781,779,974,975,"1,173","1,186","1,093","1,047",844,976,732,737
105,[P],ARTICLESNATCH.COM,N/A,N/A,N/A,N/A,272,286,240,244,257,361,438,476,793,735
106,[P],PEOPLES.RU,944,521,847,958,750,835,736,874,"1,051",833,"1,274",949,"1,032",725
107,[P],ZARGAN.COM,774,631,506,586,629,662,659,609,560,609,821,768,742,724
108,[P],BOOKZ.RU,676,413,691,479,887,849,841,785,"1,212",867,960,"1,189",941,695
109,[M],LAROUSSE.FR,164,134,290,101,417,534,527,389,539,683,733,706,846,691
110,[P],SESLISOZLUK.COM,"1,072",971,417,388,437,516,595,579,461,546,716,643,667,668
111,[C],Livedoor - Knowledge,497,530,325,459,437,583,557,428,410,462,626,466,590,649
112,[P],SOZLUK.NET,N/A,N/A,N/A,N/A,N/A,583,487,526,512,749,832,703,699,647
113,[P],DICIONARIOINFORMAL.COM.BR,160,206,204,215,361,346,354,296,327,468,660,591,703,634
114,[M],QUIBBLO.COM (w/ history),614,595,570,575,564,604,560,641,"1,014",638,597,753,615,627
115,[P],IXL.COM,N/A,N/A,N/A,N/A,N/A,133,138,115,314,489,971,673,759,622
116,[P],BUSINESSBALLS.COM,634,600,495,555,590,530,581,510,660,696,812,784,734,620
117,[P],LEXICOOL.COM,641,590,464,439,803,695,691,632,699,717,740,731,744,612
118,[P],TURNITIN.COM,"1,001",494,301,388,892,921,904,935,832,"1,022","1,233","1,098","1,072",611
119,[P],POEMSOURCE.COM,636,442,323,342,376,398,464,641,490,"1,063",494,588,898,595
120,[P],ACRONYMFINDER.COM,463,479,732,538,663,726,661,699,787,799,793,820,627,593
121,[P],ENERGYGUIDE.COM,346,270,357,559,682,588,691,619,661,532,643,564,714,588
122,[P],MORFIX.CO.IL,606,523,472,467,522,476,572,618,611,625,645,599,594,583
123,[P],RECAPTCHA.NET,513,513,689,633,686,695,921,"1,088",689,680,651,683,589,581
124,[P],OMNIGLOT.COM,367,427,323,373,371,333,412,471,474,417,495,545,546,571
125,[P],STARS21.COM,343,355,375,297,475,320,325,295,442,463,369,564,632,566
126,[P],REPEC.ORG,685,517,541,472,720,670,"1,083",537,665,724,820,796,819,560
127,[P],CLIFFSNOTES.COM,776,412,377,583,873,991,750,726,735,787,955,824,884,555
128,[P],PHRASES.ORG.UK,485,533,581,443,497,665,574,568,621,665,632,573,604,554
129,[P],EPNET.COM,404,466,393,293,373,431,491,358,325,305,459,331,557,554
130,[P],FREEDICT.COM,944,811,720,814,941,888,818,710,753,727,905,803,715,553
131,[P],TRANSLIT.RU,391,317,321,413,394,431,353,586,467,552,499,571,408,548
132,[P],ENGLISCH-HILFEN.DE,421,358,265,302,573,425,526,485,428,530,781,614,731,542
133,[P],VERTALEN.NU,323,345,331,249,422,345,416,370,465,477,572,460,468,532
134,[P],LABLAA.ORG,523,388,263,373,424,358,319,149,147,427,608,573,685,530
135,[P],OPPAPERS.COM,588,425,408,516,893,"1,189","1,367",710,443,615,638,690,617,521
136,[P],BEST-LOVE-POEMS.COM,798,754,590,547,488,533,557,627,597,619,528,565,457,520
137,[P],ONELOOK.COM,663,586,480,710,874,807,728,600,737,634,697,712,662,504
138,[P],EXAMPLEESSAYS.COM,382,311,269,238,713,547,600,590,463,590,759,698,612,499
139,[P],MANAGEMENTHELP.ORG,373,672,304,285,316,388,346,251,354,402,361,495,484,497
140,[P],KLERK.RU,402,395,370,369,448,584,667,621,558,601,924,675,465,492
141,[P],DEXONLINE.RO,267,325,404,431,551,701,684,617,694,713,739,646,588,488
142,[P],ARKITERA.COM,N/A,N/A,N/A,N/A,N/A,N/A,398,398,352,587,729,656,612,484
143,[P],PWN.PL,989,661,489,384,"1,056","1,046",856,800,786,702,789,645,649,480
144,[P],KNOWLEDGERUSH.COM,N/A,N/A,N/A,N/A,N/A,N/A,N/A,N/A,319,607,567,482,525,479
145,[P],WISSEN.DE,325,340,324,251,508,426,548,539,533,599,678,539,701,475
146,[P],DEFINICION.ORG,712,594,366,661,682,704,610,359,374,564,681,615,547,469
147,[P],ENGLISHPAGE.COM,409,401,315,230,475,534,539,417,413,575,577,496,553,469
148,[P],CALEND.RU,141,102,321,153,312,344,355,373,646,447,566,475,389,466
149,[P],QUID.FR,661,436,312,409,600,503,483,371,618,553,711,684,666,464
150,[P],DUDEN.DE,710,690,549,530,455,619,855,659,855,725,922,687,527,458
151,[C],BIOLOGY-ONLINE.ORG,305,272,186,218,395,521,452,325,408,451,402,387,400,453
152,[P],SO100.CN,"1,054",324,279,617,695,558,607,"1,189",575,676,475,560,316,450
153,[P],NETPOETS.COM,839,672,524,576,539,610,448,495,508,690,545,549,689,450
154,[P],BIBLIOTEKAR.RU,521,341,329,546,527,717,906,627,640,741,720,881,823,446
155,[P],MYDICT.COM,173,266,129,52,94,153,262,259,228,338,332,310,379,445
156,[P],Farlex.com Sites,"5,576","4,237","4,797","4,052",191,215,297,530,395,392,468,529,577,442
157,[P],DICTS.INFO,285,259,248,225,279,296,388,310,374,450,457,394,384,429
158,[P],MANSIONINGLES.COM,308,309,257,250,370,341,298,259,283,388,494,346,452,427
159,[C],Abacho Translator,736,681,513,596,709,585,710,586,610,596,685,560,534,427
160,[P],POEMOFQUOTES.COM,350,341,260,299,297,454,293,372,383,498,463,389,454,420
161,[P],ASKOXFORD.COM,422,374,287,361,294,487,424,452,397,478,526,479,455,420
162,[P],FOOTNOTE.COM,911,838,591,728,717,925,435,558,616,478,566,388,367,417
163,[P],NCIKU.COM,"1,417","2,715","4,590","7,544","9,137","4,179","1,513","1,850",624,439,482,259,345,416
164,[P],SYNONYMES.COM,N/A,N/A,N/A,N/A,105,212,209,184,292,422,385,385,418,411
165,[P],NOLO.COM,398,390,504,547,406,500,380,342,589,649,545,650,468,408
166,[P],BNF.FR,371,392,345,198,363,420,457,381,412,463,527,443,442,408
167,[P],QURANEXPLORER.COM,231,330,132,246,350,222,227,189,272,367,393,380,390,408
168,[P],CALCULATOR.COM,481,373,314,362,518,664,445,494,488,571,624,608,521,407
169,[P],HONEYWELL.COM,652,465,709,465,319,425,327,442,477,448,524,436,508,406
170,[P],THECANADIANENCYCLOPEDIA.COM (w/ history),730,492,378,339,498,637,572,561,585,675,614,579,620,405
171,[P],DICOCITATIONS.COM,189,187,213,152,236,299,295,193,366,424,527,439,381,401
172,[P],BIBILGI.COM,N/A,N/A,N/A,N/A,N/A,N/A,N/A,N/A,N/A,663,934,779,667,399
173,[P],CHEATHOUSE.COM,414,370,220,190,432,529,593,595,535,728,936,725,649,393
174,[P],INFORMATIONSARCHIV.NET,661,486,540,625,538,602,691,473,533,476,516,485,464,391
175,[P],WEBNARY.COM,467,307,655,522,298,493,594,232,215,330,448,692,404,388
176,[P],MIRSOVETOV.RU,261,225,209,468,638,482,505,400,741,745,789,477,419,380
177,[P],DEFINICION.DE,N/A,N/A,N/A,107,164,175,157,79,202,282,333,329,454,376
178,[P],ARABIC-KEYBOARD.ORG,N/A,N/A,N/A,N/A,N/A,N/A,N/A,N/A,109,270,264,268,340,372
179,[P],WEBSTERS-ONLINE-DICTIONARY.ORG,767,347,340,256,466,760,501,561,400,513,603,739,609,371
180,[P],ACTUALICESE.COM,173,167,151,201,165,156,146,115,175,404,425,446,442,366
181,[P],LYCAEUM.ORG,175,237,194,168,219,205,275,270,315,279,314,287,350,364
182,[P],TRANSLATED.NET,557,449,466,321,458,446,381,373,369,486,579,498,509,363
183,[P],GLOSSARY.RU,447,284,353,132,259,251,492,319,532,314,390,462,363,362
184,[P],ERUDITION.RU,423,190,55,61,387,614,541,637,568,469,559,486,384,362
185,[P],ECHEAT.COM,633,191,197,198,393,460,491,410,296,553,551,519,474,361
186,[P],BUSCALIBROS.CL,577,582,429,597,745,564,525,357,289,392,571,545,439,360
187,[P],TRANSLATION-GUIDE.COM,429,331,354,351,424,346,370,310,397,372,442,463,388,357
188,[P],BrainPOP,472,306,220,347,694,931,823,640,830,747,847,699,722,343
189,[P],FOURMILAB.CH,332,297,332,292,292,284,277,239,321,351,393,275,224,342
190,[P],ABCPEDIA.COM,317,214,210,240,380,322,269,247,245,370,439,324,384,335
191,[C],BOOKFINDER.COM (w/ history),322,306,317,342,465,376,335,330,405,471,507,489,433,334
192,[P],FAMOUSPOETSANDPOEMS.COM,491,212,177,215,391,278,384,433,392,491,522,582,766,332
193,[P],PETS4YOU.COM,399,354,503,425,392,354,369,462,505,435,413,391,446,331
194,[P],LIB.OH.US,256,382,247,304,366,265,245,284,361,304,357,257,354,330
195,[P],SAIDWHAT.CO.UK,355,286,304,300,326,416,411,301,393,417,403,375,374,325
196,[P],ALLGREATQUOTES.COM,266,229,235,280,323,250,309,277,233,337,327,496,371,322
197,[P],ABIPUR.DE,328,249,136,118,384,283,505,341,366,373,505,297,450,321
198,[M],CODEGURU.COM,155,164,183,222,287,415,273,271,439,312,327,424,390,319
199,[P],INFOVISUAL.INFO,295,293,187,228,278,296,479,301,361,459,582,451,411,316
200,[P],CUCUMIS.ORG,278,287,349,274,348,288,264,314,386,375,372,369,402,312
201,[P],MIRSLOVAREI.COM,169,122,301,106,298,307,398,542,596,331,564,438,413,306
202,[M],POETRY.COM (w/ history),"1,174",977,671,"1,018",746,816,716,525,495,613,444,450,407,304
203,[P],TOPPRODUCT.NL,230,291,141,243,194,365,269,282,379,353,241,271,357,304
204,[P],ABBREVIATIONS.COM,N/A,N/A,N/A,N/A,227,274,239,236,281,327,350,367,370,300
205,[P],PSICOLOGIA-ONLINE.COM,489,379,266,316,362,373,365,233,242,334,388,343,279,299
206,[P],ZENO.ORG,N/A,N/A,N/A,N/A,272,221,440,324,290,390,478,439,340,298
207,[P],EGO4U.DE,473,439,167,174,392,341,482,353,294,352,516,316,404,296
208,[P],KDD.CC,N/A,N/A,N/A,N/A,N/A,N/A,N/A,N/A,834,675,943,799,689,295
209,[P],NETPME.FR,227,220,108,133,229,352,248,269,376,390,295,416,399,293
210,[P],GEOGRAPH.ORG.UK,146,182,160,190,133,177,191,200,180,258,245,300,334,292
211,[P],UNIVERSALIS.FR,594,269,137,137,369,636,644,481,584,553,551,443,387,291
212,[P],DUDEN-SUCHE.DE,225,244,134,143,205,229,248,238,399,376,324,313,261,291
213,[P],KWINTESSENTIAL.CO.UK,N/A,N/A,N/A,N/A,265,222,216,329,226,321,324,260,400,290
214,[P],WWWW4.COM,19,1,4,N/A,165,310,519,239,375,411,493,513,444,285
215,[P],ALMANAC.COM,323,360,472,346,520,426,485,374,469,445,359,286,340,284
216,[P],VITALREC.COM,200,219,200,258,269,260,245,356,250,272,273,244,245,281
217,[P],MOLWICK.COM,189,145,121,192,209,196,170,113,139,333,344,251,298,281
218,[P],ACADEMON.COM,541,228,297,251,371,556,559,522,475,378,503,550,448,278
219,[P],GOGEN-ALLGUIDE.COM,163,306,243,253,202,165,282,265,248,338,318,294,236,276
220,[P],ARTCYCLOPEDIA.COM,537,455,360,330,493,507,393,337,431,400,496,491,449,275
221,[P],SACRED-TEXTS.COM,400,265,224,354,275,332,328,383,281,304,450,326,349,274
222,[P],WORDWEBONLINE.COM,259,233,240,226,308,242,406,209,254,330,351,300,280,274
223,[P],SEVGILIYE.COM,N/A,N/A,N/A,N/A,N/A,N/A,225,332,329,679,407,289,247,274
224,[P],FREELANG.NET,136,145,174,185,250,249,289,206,204,300,217,336,267,273
225,[P],LEXINTER.NET,280,316,180,209,259,370,247,188,355,335,485,407,331,273
226,[P],ALLFREEESSAYS.COM,N/A,N/A,N/A,N/A,N/A,N/A,N/A,137,169,283,376,86,398,272
227,[M],EASYBIB.COM (w/ history),816,272,80,76,349,538,511,676,395,542,759,904,864,270
228,[P],ALLWORDS.COM,531,403,234,235,315,294,306,218,327,379,334,310,243,269
229,[P],VISUALTHESAURUS.COM,208,267,333,352,457,368,355,356,329,337,400,369,423,269
230,[P],SERIALSSOLUTIONS.COM,289,220,160,166,349,457,395,353,355,353,452,477,270,268
231,[P],DICODUNET.COM,"2,168","2,071",210,259,460,337,355,296,245,281,416,357,222,265
232,[P],TURKCEBILGI.NET,N/A,N/A,N/A,N/A,N/A,N/A,336,323,324,444,577,508,372,259
233,[P],YEMINLISOZLUK.COM,N/A,N/A,N/A,N/A,N/A,N/A,N/A,N/A,N/A,302,244,309,211,253
234,[P],SOBRESITES.COM,417,389,332,378,368,321,319,240,299,325,437,354,332,253
235,[P],NYPL.ORG,273,227,282,276,258,304,379,287,399,306,336,321,305,252
236,[P],NATIVE-LANGUAGES.ORG,195,175,169,138,219,382,348,252,288,312,312,373,280,251
237,[P],WEBELEMENTS.COM,314,193,92,185,522,616,528,366,462,379,447,351,285,251
238,[P],ALA.ORG,361,218,220,266,373,235,264,186,255,321,327,437,300,241
239,[P],LECTLAW.COM,504,303,341,224,440,350,284,398,320,310,333,362,369,241
240,[P],ALTALEX.COM,329,291,258,174,239,253,321,218,347,317,306,315,259,240
241,[P],MADSCI.ORG,419,297,274,335,294,424,286,273,410,442,372,341,265,239
242,[P],NEWWORLDENCYCLOPEDIA.ORG,N/A,N/A,N/A,N/A,N/A,281,265,220,298,367,504,517,361,239
243,[M],COURSEWORK.INFO (w/ history),323,250,135,205,400,343,346,269,414,443,494,336,362,237
244,[P],SAPERE.IT,451,361,171,146,255,415,357,320,327,369,470,315,285,231
245,[P],PANTHEON.ORG,437,361,249,253,284,377,293,259,313,382,338,368,282,226
246,[P],QUECHOISIR.ORG,131,157,101,121,187,213,187,319,285,292,340,210,225,225
247,[P],JURIS.DE,283,237,366,281,239,198,239,271,423,395,458,435,421,215
248,[P],FOREIGNWORD.COM,473,446,374,308,368,363,323,251,313,388,347,328,262,207
249,[P],IPL.ORG,474,213,163,211,311,404,310,231,345,348,357,350,326,207
250,[P],MOREWORDS.COM,285,260,185,168,248,207,280,228,271,269,292,285,273,204
251,[C],Virgilio Sapere,N/A,N/A,N/A,N/A,N/A,466,385,338,346,375,457,334,274,203
252,[P],USHISTORY.ORG,295,166,214,175,484,420,312,270,339,381,441,210,224,201
253,[P],Antiqbook,"1,400","1,138",844,863,964,876,751,654,559,575,418,357,284,199
254,[P],PLANETADISSER.COM,396,182,126,81,409,681,570,708,513,378,358,349,293,198
255,[P],JEWISHVIRTUALLIBRARY.ORG,404,281,239,205,300,360,363,300,426,383,395,368,390,197
256,[P],POETS.ORG,470,237,176,203,266,361,275,300,395,409,357,559,373,194
257,[P],OSZK.HU,458,317,300,318,493,525,529,411,380,323,307,253,230,194
258,[P],FRENCH-LINGUISTICS.CO.UK,316,247,195,176,440,353,306,253,301,341,427,362,278,192
259,[P],ATLANTS.LV,153,59,52,23,107,150,175,206,184,298,312,310,303,189
260,[P],YOURCHILDLEARNS.COM,N/A,N/A,N/A,169,284,229,198,155,246,274,238,206,199,189
261,[P],ILMAINENSANAKIRJA.FI,313,268,211,220,192,200,234,299,296,277,305,270,263,187
262,[P],STROYPORTAL.RU,109,210,271,237,192,240,189,466,322,320,217,309,207,185
263,[P],GRAMERIMIZ.COM,N/A,N/A,N/A,N/A,N/A,392,531,335,284,492,330,417,343,184
264,[P],OCLC.ORG,297,197,143,191,299,179,173,164,221,352,365,366,246,183
265,[P],AMERICANRHETORIC.COM,282,88,99,115,211,202,422,151,386,318,237,175,200,180
266,[P],NEDIR.NET,N/A,N/A,N/A,N/A,N/A,N/A,245,282,237,317,282,323,265,178
267,[P],TOPLUMDUSMANI.NET,N/A,N/A,N/A,N/A,N/A,N/A,427,355,281,505,462,435,311,171
268,[P],NOTAIRES.FR,127,156,221,112,234,194,211,137,221,291,216,341,224,147
269,[P],NORTHPOLE.COM,241,154,183,254,819,"3,613","4,128","4,596",569,344,276,254,232,144
270,[P],VICTORIANWEB.ORG,273,173,127,83,135,187,168,302,261,265,241,375,255,143
271,[P],ELITESKILLS.COM,283,135,159,97,153,202,225,283,234,297,287,294,279,142
272,[P],ESSAYTOWN.NET,180,124,155,82,124,153,182,229,220,313,254,276,236,141
273,[P],QUOTELAND.COM,374,349,300,361,361,450,342,369,379,366,363,187,260,132
274,[P],PRIVATESOZLUK.COM,N/A,N/A,N/A,N/A,N/A,N/A,N/A,N/A,N/A,283,300,181,167,130
275,[P],TDK.ORG.TR,N/A,N/A,N/A,N/A,N/A,N/A,275,194,230,408,394,262,244,129
276,[P],LUMINARIUM.ORG,220,161,122,166,225,167,151,132,167,301,235,195,206,125
277,[P],LEARNENGLISH.ORG.UK,N/A,N/A,N/A,295,429,329,398,231,394,415,371,153,119,122
278,[P],EYEWITNESSTOHISTORY.COM,324,173,58,74,182,206,245,258,296,317,248,208,239,121
279,[P],ESSAYFINDER.COM,294,197,86,173,263,383,369,252,296,319,409,410,199,119
280,[P],BIYOGRAFI.INFO,N/A,N/A,N/A,N/A,N/A,N/A,N/A,N/A,N/A,282,324,254,202,118
281,[P],YAPPR.COM,N/A,N/A,N/A,202,236,272,370,236,338,354,267,123,90,117
282,[P],U-S-HISTORY.COM,265,123,148,92,276,300,311,277,282,304,350,262,208,113
283,[P],NOODLETOOLS.COM,349,199,32,43,122,210,357,316,185,257,377,285,198,103
284,[P],CUMMINGSSTUDYGUIDES.NET,161,66,71,42,144,131,137,110,183,276,184,167,198,93
285,[P],THEOI.COM,179,122,70,102,163,223,124,150,204,278,233,189,126,90
286,[P],SPISHY.RU,273,55,36,18,516,474,367,311,450,442,388,509,424,88
287,[P],LKWDPL.ORG,199,82,55,43,95,99,109,107,156,352,253,163,108,84
288,[P],ALL-SCIENCE-FAIR-PROJECTS.COM,242,100,61,106,370,460,479,316,565,422,427,344,281,64
289,[P],MAGENERATION.COM,N/A,N/A,N/A,N/A,N/A,N/A,256,308,301,283,84,59,39,59
290,[P],SLOVO.WS,125,132,N/A,N/A,402,282,251,373,301,338,160,252,149,54
291,[P],EXPERTSFORGE.COM,N/A,N/A,N/A,N/A,N/A,N/A,N/A,63,116,294,140,120,64,26
292,[P],GROUNDHOG.ORG,6,1,24,1,N/A,0,13,2,58,386,6,2,2,4
293,[M],DISCOVERMAGAZINE.COM,N/A,N/A,N/A,236,253,321,327,303,364,349,N/A,N/A,N/A,N/A
294,[P],EDU-ZONE.NET,384,269,73,27,299,718,940,810,372,363,37,0,N/A,N/A
295,[S],ENCARTA.COM,250,158,141,190,150,214,290,203,190,321,279,255,283,N/A
296,[P],ICARITO.CL,"1,034",915,521,847,883,739,675,367,254,370,N/A,N/A,N/A,N/A
297,[P],LIFE123.COM,N/A,N/A,N/A,121,120,47,213,267,95,317,N/A,N/A,N/A,N/A
298,[P],WEBMATH.COM,186,152,130,187,286,253,229,279,314,378,307,N/A,N/A,N/A
299,[M],WINDOWSLIVETRANSLATOR.COM,744,679,621,530,645,733,895,807,"1,204","1,312",406,279,272,N/A
300,[M],YOURDICTIONARY.COM,"1,704","1,463","1,362","1,341","1,739","1,795","1,792","1,876","2,229","2,295","2,282","2,138",N/A,N/A
,,,,,,,,,,,,,,,,
,,,,,,,,,,,,,,,,
,,,,,,,,,,,,,,,,
,,,,,,,,,,,,,,,,
,,,,,,,,,,,,,,,,
,,,,,,,,,,,,,,,,
,,,,,,,,,,,,,,,,
,,,,,,,,,,,,,,,,
,,,,,,,,,,,,,,,,
,,,,,,,,,,,,,,,,
,,,,,,,,,,,,,,,,
,,,,,,,,,,,,,,,,
,,,,,,,,,,,,,,,,
,,,,,,,,,,,,,,,,
,,,,,,,,,,,,,,,,
,,,,,,,,,,,,,,,,
,,,,,,,,,,,,,,,,
,,,,,,,,,,,,,,,,
,,,,,,,,,,,,,,,,
,,,,,,,,,,,,,,,,
,,,,,,,,,,,,,,,,
,,,,,,,,,,,,,,,,
,,,,,,,,,,,,,,,,
,,,,,,,,,,,,,,,,
,,,,,,,,,,,,,,,,
,,,,,,,,,,,,,,,,
,,,,,,,,,,,,,,,,
,,,,,,,,,,,,,,,,
,,,,,,,,,,,,,,,,
,Media Metrix 2.0 Legend,,,,,,,,,,,,,,,
,,,,,,,,,,,,,,,,
, [P]         Property,,,,,,,,,,,,,,,
, [M]         Media Title,,,,,,,,,,,,,,,
, [C]         Channel,,,,,,,,,,,,,,,
, [S]         Subchannel,,,,,,,,,,,,,,,
, [G]         Group,,,,,,,,,,,,,,,
, [SG]         Subgroup,,,,,,,,,,,,,,,
, [E]         Custom Entity,,,,,,,,,,,,,,,
, [N]         Ad Network,,,,,,,,,,,,,,,
, [A#]         Alternate Rollup,,,,,,,,,,,,,,,
, [X1]         Extended Network,,,,,,,,,,,,,,,
,,,,,,,,,,,,,,,,
, (H)        Full Hybrid - Used to identify entities that are measured and reported completely based on Panel-Centric Hybrid (Panel + Census) measurement.,,,,,,,,,,,,,,,
," (h)         Partial Hybrid - Used to identify entities with at least one child entity that is Full Hybrid, but not all.",,,,,,,,,,,,,,,
, w/History    Trend combines media previously reported under different parent and/or different level.,,,,,,,,,,,,,,,
, *           Indicates that the entity has assigned traffic to certain pages in the domain to other entities,,,,,,,,,,,,,,,
, **         Indicates that the entity is an advertising network.,,,,,,,,,,,,,,,
, ...         Indicates data used fell below minimum reporting standards and/or data not available.,,,,,,,,,,,,,,,
, N/A      Indicates data is not available in the data set for reporting for the specified time period.,,,,,,,,,,,,,,,
, #          Caution - small base may result in unstable projection.,,,,,,,,,,,,,,,
, ##        Directional purposes only - base too unstable for reliable projection.,,,,,,,,,,,,,,,
,,,,,,,,,,,,,,,,
, Details on minimum reporting standards are located at: http://mymetrix.comscore.com/mmx/definitions_minreportingstandards.asp,,,,,,,,,,,,,,,
,,,,,,,,,,,,,,,,
,,,,,,,,,,,,,,,,
,,,,,,,,,,,,,,,,
," \ncomScore has made a step change to the Worldwide population estimate with July 2008 data. <a href=""javascript:OpenUniversalExtendedFootnote();"" style=""color: #036; text-decoration: none; font-family: Arial,Verdana; font-size: 11px;"">Click here</a> for more information.",,,,,,,,,,,,,,,
